Altitude_km,He_density_cm3,O_density_cm3,N2_density_cm3,O2_density_cm3,Ar_density_cm3,Total_mass_density,H_density_cm3,N_density_cm3,Exospheric_temp_K,Temp_at_altitude_K,density_kg_m3,mass_flow_kg_s
1,116200000000000,0,1.731e+19,4.644e+18,2.071e+17,0.001065,0,0,1037.18,293.66,1.065,16.72898088036565
2,105400000000000,0,1.571e+19,4.214e+18,1.879e+17,0.0009664,0,0,1037.18,287.9,0.9663999999999999,15.180175702145881
3,95220000000000,0,1.419e+19,3.806e+18,1.697e+17,0.0008729,0,0,1037.18,282.89,0.8729,13.711481136592653
4,85770000000000,0,1.278e+19,3.429e+18,1.529e+17,0.0007863,0,0,1037.18,278.19,0.7863,12.351171517588272
5,77140000000000,0,1.15e+19,3.084e+18,1.375e+17,0.0007073,0,0,1037.18,273.41,0.7073,11.110242419420306
6,69370000000000,0,1.034e+19,2.773e+18,1.236e+17,0.000636,0,0,1037.18,268.2,0.636,9.990264638415542
7,62400000000000,0,9.299e+18,2.495e+18,1.112e+17,0.0005721,0,0,1037.18,262.27,0.5720999999999999,8.986525785593603
8,56200000000000,0,8.374e+18,2.247e+18,1.002e+17,0.0005152,0,0,1037.18,255.42,0.5152,8.092742675647308
9,50670000000000,0,7.551e+18,2.026e+18,9.032e+16,0.0004646,0,0,1037.18,247.49,0.4646,7.29791973428909
10,45740000000000,0,6.816e+18,1.828e+18,8.152e+16,0.0004193,0,0,1037.18,238.44,0.4193,6.586348998251002
11,41260000000000,0,6.149e+18,1.65e+18,7.355e+16,0.0003783,0,0,1037.18,228.53,0.37829999999999997,5.942322504265094
12,37030000000000,0,5.518e+18,1.48e+18,6.6e+16,0.0003395,0,0,1037.18,218.81,0.3395,5.332853529468674
13,32900000000000,0,4.903e+18,1.315e+18,5.864e+16,0.0003016,0,0,1037.18,210.23,0.30160000000000003,4.737521721613409
14,28850000000000,0,4.299e+18,1.153e+18,5.142e+16,0.0002645,0,0,1037.18,203.46,0.26449999999999996,4.1547562843725006
15,24920000000000,0,3.713e+18,9.961e+17,4.441e+16,0.0002284,0,0,1037.18,199.02,0.2284,3.587698810399544
16,21190000000000,0,3.158e+18,8.471e+17,3.777e+16,0.0001943,0,0,1037.18,197.18,0.1943,3.0520572629624843
17,17820000000000,0,2.656e+18,7.124e+17,3.177e+16,0.0001634,0,0,1037.18,197.43,0.1634,2.5666811979828608
18,14890000000000,0,2.219e+18,5.953e+17,2.654e+16,0.0001365,0,0,1037.18,199.17,0.1365,2.144136986075034
19,12410000000000,0,1.849e+18,4.961e+17,2.212e+16,0.0001138,0,0,1037.18,201.84,0.1138,1.7875662198925923
20,10350000000000,0,1.543e+18,4.138e+17,1.845e+16,9.491e-05,0,0,1037.18,204.87,0.09491,1.4908427937610365
21,8666000000000,0,1.291e+18,3.464e+17,1.545e+16,7.945e-05,0,0,1037.18,207.73,0.07945,1.2479976816385454
22,7279000000000,0,1.085e+18,2.91e+17,1.298e+16,6.674e-05,0,0,1037.18,210.34,0.06674000000000001,1.0483494685029142
23,6134000000000,0,9.141e+17,2.452e+17,1.093e+16,5.624e-05,0,0,1037.18,212.74,0.05624,0.8834158541894498
24,5183000000000,0,7.723e+17,2.072e+17,9238000000000000.0,4.752e-05,0,0,1037.18,214.98,0.04752,0.7464424144929349
25,4389000000000,0,6.54e+17,1.755e+17,7823000000000000.0,4.024e-05,0,0,1037.18,217.1,0.04024,0.6320884419022663
26,3724000000000,0,5.549e+17,1.489e+17,6638000000000000.0,3.414e-05,0,0,1037.18,219.16,0.034140000000000004,0.5362698659677777
27,3165000000000,0,4.716e+17,1.265e+17,5641000000000000.0,2.901e-05,0,0,1037.18,221.22,0.029009999999999998,0.4556880144031995
28,2693000000000,0,4.013e+17,1.076e+17,4800000000000000.0,2.469e-05,0,0,1037.18,223.35,0.02469,0.38782961308566
29,2294000000000,0,3.418e+17,9.169e+16,4088000000000000.0,2.103e-05,0,0,1037.18,225.61,0.02103,0.3303384675249668
30,1955000000000,0,2.913e+17,7.816e+16,3485000000000000.0,1.793e-05,0,0,1037.18,228.08,0.017929999999999998,0.281643781394325
31,1668000000000,0,2.485e+17,6.667e+16,2972000000000000.0,1.529e-05,0,0,1037.18,230.84,0.015290000000000002,0.24017475836693972
32,1423000000000,0,2.121e+17,5.689e+16,2536000000000000.0,1.305e-05,0,0,1037.18,233.98,0.01305,0.20498892064673402
33,1215000000000,0,1.811e+17,4.858e+16,2166000000000000.0,1.114e-05,0,0,1037.18,237.51,0.01114,0.1749867108049515
34,1041000000000,0,1.551e+17,4.16e+16,1855000000000000.0,9.541e-06,0,0,1037.18,240.88,0.009541000000000001,0.1498696775395011
35,894100000000,0,1.332e+17,3.574e+16,1594000000000000.0,8.197e-06,0,0,1037.18,243.99,0.008197,0.12875817490737768
36,770400000000,0,1.148e+17,3.08e+16,1373000000000000.0,7.063e-06,0,0,1037.18,246.86,0.007063,0.11094534456152355
37,665600000000,0,9.919e+16,2.661e+16,1186000000000000.0,6.103e-06,0,0,1037.18,249.48,0.006103,0.09586569982429254
38,576500000000,0,8.591e+16,2.305e+16,1028000000000000.0,5.285e-06,0,0,1037.18,251.86,0.005285000000000001,0.08301658587111031
39,500400000000,0,7.457e+16,2e+16,891900000000000.0,4.588e-06,0,0,1037.18,254.02,0.004588,0.07206813547334986
40,435200000000,0,6.485e+16,1.74e+16,775800000000000.0,3.99e-06,0,0,1037.18,255.98,0.00399,0.06267477343911637
41,379200000000,0,5.651e+16,1.516e+16,675900000000000.0,3.477e-06,0,0,1037.18,257.75,0.003477,0.05461658828265856
42,330900000000,0,4.931e+16,1.323e+16,589800000000000.0,3.034e-06,0,0,1037.18,259.35,0.0030340000000000002,0.04765796055495717
43,289200000000,0,4.309e+16,1.156e+16,515500000000000.0,2.651e-06,0,0,1037.18,260.8,0.002651,0.04164181062333271
44,253000000000,0,3.77e+16,1.012e+16,451000000000000.0,2.32e-06,0,0,1037.18,262.14,0.00232,0.0364424747816416
45,221600000000,0,3.302e+16,8860000000000000.0,395000000000000.0,2.032e-06,0,0,1037.18,263.38,0.0020320000000000004,0.031918581360472306
46,194300000000,0,2.895e+16,7767000000000000.0,346300000000000.0,1.781e-06,0,0,1037.18,264.54,0.001781,0.02797588258021711
47,170500000000,0,2.541e+16,6817000000000000.0,303900000000000.0,1.563e-06,0,0,1037.18,265.58,0.001563,0.024551546587804233
48,149800000000,0,2.233e+16,5990000000000000.0,267100000000000.0,1.374e-06,0,0,1037.18,266.44,0.001374,0.021582741530161882
49,131800000000,0,1.964e+16,5270000000000000.0,235000000000000.0,1.209e-06,0,0,1037.18,267.07,0.001209,0.018990927590950304
50,116100000000,0,1.73e+16,4642000000000000.0,207000000000000.0,1.065e-06,0,0,1037.18,267.42,0.001065,0.01672898088036565
51,102400000000,0,1.527e+16,4095000000000000.0,182600000000000.0,9.392e-07,0,0,1037.18,267.44,0.0009392000000000001,0.01475291910125767
52,90500000000,0,1.349e+16,3618000000000000.0,161300000000000.0,8.297e-07,0,0,1037.18,267.06,0.0008297,0.013032897123417257
53,80060000000,0,1.193e+16,3200000000000000.0,142700000000000.0,7.34e-07,0,0,1037.18,266.25,0.000734,0.01152964503867454
54,70920000000,0,1.057e+16,2835000000000000.0,126400000000000.0,6.502e-07,0,0,1037.18,264.97,0.0006502000000000001,0.01021331771682042
55,62900000000,0,9373000000000000.0,2515000000000000.0,112100000000000.0,5.767e-07,0,0,1037.18,263.17,0.0005767,0.009058782416626169
56,55850000000,0,8323000000000000.0,2233000000000000.0,99550000000000.0,5.121e-07,0,0,1037.18,260.85,0.0005121,0.008044047989516665
57,49620000000,0,7395000000000000.0,1984000000000000.0,88450000000000.0,4.549e-07,0,0,1037.18,258.08,0.0004549,0.007145552490589985
58,44090000000,0,6570000000000000.0,1763000000000000.0,78590000000000.0,4.042e-07,0,0,1037.18,254.96,0.00040419999999999996,0.006349158752904972
59,39160000000,0,5835000000000000.0,1565000000000000.0,69800000000000.0,3.59e-07,0,0,1037.18,251.56,0.000359,0.005639158813193679
60,34750000000,0,5178000000000000.0,1389000000000000.0,61940000000000.0,3.186e-07,0,0,1037.18,247.98,0.0003186,0.005004557097168541
61,30800000000,0,4589000000000000.0,1231000000000000.0,54900000000000.0,2.824e-07,0,0,1037.18,244.28,0.0002824,0.004435928826868788
62,27250000000,0,4061000000000000.0,1089000000000000.0,48570000000000.0,2.498e-07,0,0,1037.18,240.54,0.0002498,0.003923849224333652
63,24080000000,0,3586000000000000.0,961800000000000.0,42850000000000.0,2.206e-07,0,0,1037.18,236.81,0.0002206,0.003465176696909542
64,21240000000,0,3160000000000000.0,847200000000000.0,37670000000000.0,1.944e-07,0,0,1037.18,233.15,0.00019439999999999998,0.003053628059289279
65,18690000000,0,2778000000000000.0,744300000000000.0,33040000000000.0,1.708e-07,0,0,1037.18,229.62,0.0001708,0.0026829201261656835
66,16400000000,0,2436000000000000.0,652300000000000.0,28900000000000.0,1.498e-07,0,0,1037.18,226.24,0.0001498,0.0023530528975387556
67,14360000000,0,2129000000000000.0,570100000000000.0,25210000000000.0,1.309e-07,0,0,1037.18,223.05,0.00013089999999999998,0.0020561723917745197
68,12530000000,0,1857000000000000.0,496800000000000.0,21930000000000.0,1.141e-07,0,0,1037.18,220.1,0.0001141,0.001792278608872977
69,10900000000,0,1614000000000000.0,431700000000000.0,19020000000000.0,9.921e-08,0,0,1037.18,217.4,9.921e-05,0.0015583870358132168
70,9461000000,0,1399000000000000.0,374000000000000.0,16450000000000.0,8.599e-08,0,0,1037.18,214.99,8.599000000000001e-05,0.0013507277614109318
71,8185000000,0,1209000000000000.0,323100000000000.0,14180000000000.0,7.431e-08,0,0,1037.18,212.88,7.431e-05,0.0011672587504412877
72,7061000000,0,1042000000000000.0,278300000000000.0,12190000000000.0,6.403e-08,0,0,1037.18,211.11,6.403e-05,0.0010057808880467721
73,6065000000,33740000,893800000000000.0,238600000000000.0,10440000000000.0,5.491e-08,3465,64850,1037.18,209.7,5.491e-05,0.0008625242630430778
74,5208000000,73590000,766300000000000.0,204400000000000.0,8933000000000.0,4.707e-08,11970,70240,1037.18,208.63,4.7069999999999995e-05,0.0007393738310223578
75,4465000000,157900000,655600000000000.0,174700000000000.0,7630000000000.0,4.026e-08,56290,76000,1037.18,207.86,4.026e-05,0.0006324026011676253
76,3824000000,331600000,560000000000000.0,149100000000000.0,6506000000000.0,3.438e-08,314600,82180,1037.18,207.31,3.438e-05,0.0005400397771520855
77,3272000000,678600000,477900000000000.0,127100000000000.0,5541000000000.0,2.933e-08,1706000,88830,1037.18,206.94,2.933e-05,0.00046071456264894315
78,2800000000,1347000000,407500000000000.0,108200000000000.0,4714000000000.0,2.5e-08,7420000,96020,1037.18,206.68,2.4999999999999998e-05,0.00039269908169872416
79,2395000000,2585000000,347300000000000.0,92130000000000.0,4009000000000.0,2.13e-08,23210000,103800,1037.18,206.49,2.13e-05,0.000334579617607313
80,2051000000,4781000000,296000000000000.0,78390000000000.0,3407000000000.0,1.815e-08,51500000,112300,1037.18,206.31,1.815e-05,0.0002850995333132737
81,1757000000,8507000000,252300000000000.0,66690000000000.0,2896000000000.0,1.546e-08,85140000,121500,1037.18,206.08,1.546e-05,0.00024284511212249106
82,1507000000,14540000000,215100000000000.0,56740000000000.0,2462000000000.0,1.318e-08,112500000,131600,1037.18,205.76,1.318e-05,0.00020703095587156737
83,1295000000,23850000000,183500000000000.0,48290000000000.0,2093000000000.0,1.123e-08,127100000,142600,1037.18,205.28,1.1230000000000001e-05,0.0001764004274990669
84,1114000000,37550000000,156600000000000.0,41100000000000.0,1780000000000.0,9.582e-09,129400000,154600,1037.18,204.61,9.581999999999999e-06,0.00015051370403348699
85,960700000,56740000000,133800000000000.0,35000000000000.0,1514000000000.0,8.179e-09,123100000,167800,1037.18,203.7,8.179e-06,0.00012847543156855462
86,830100000,82380000000,114300000000000.0,29810000000000.0,1288000000000.0,6.986e-09,112400000,182200,1037.18,202.5,6.986e-06,0.00010973583138989148
87,719000000,115000000000,97790000000000.0,25390000000000.0,1096000000000.0,5.97e-09,100100000,198000,1037.18,200.97,5.97e-06,9.377654070965533e-05
88,624300000,154700000000,83690000000000.0,21630000000000.0,933100000000.0,5.105e-09,87940000,215300,1037.18,199.07,5.105e-06,8.018915248287947e-05
89,543500000,200800000000,71660000000000.0,18420000000000.0,793900000000.0,4.367e-09,76720000,234200,1037.18,196.79,4.367000000000001e-06,6.859667559113316e-05
90,474500000,251800000000,61370000000000.0,15680000000000.0,675100000000.0,3.737e-09,66770000,254800,1037.18,194.1,3.737e-06,5.870065873232529e-05
91,415400000,305900000000,52550000000000.0,13330000000000.0,573400000000.0,3.197e-09,58110000,277100,1037.18,191.03,3.197e-06,5.021835856763285e-05
92,364400000,360000000000,44930000000000.0,11310000000000.0,485800000000.0,2.731e-09,50650000,301000,1037.18,187.76,2.731e-06,4.289844768476863e-05
93,320100000,411200000000,38320000000000.0,9559000000000.0,410000000000.0,2.327e-09,44240000,326100,1037.18,184.5,2.327e-06,3.6552430524517246e-05
94,281600000,456300000000,32560000000000.0,8040000000000.0,344300000000.0,1.976e-09,38720000,352200,1037.18,181.4,1.976e-06,3.1038935417467155e-05
95,248000000,492700000000,27560000000000.0,6725000000000.0,287400000000.0,1.67e-09,33980000,378900,1037.18,178.63,1.67e-06,2.6232298657474774e-05
96,218700000,518700000000,23210000000000.0,5589000000000.0,238300000000.0,1.405e-09,29910000,406000,1037.18,176.31,1.405e-06,2.2069688391468298e-05
97,193300000,533200000000,19460000000000.0,4614000000000.0,196200000000.0,1.177e-09,26410000,433200,1037.18,174.56,1.177e-06,1.8488272766375933e-05
98,171100000,536400000000,16220000000000.0,3782000000000.0,160300000000.0,9.799e-10,23380000,460400,1037.18,173.51,9.799000000000001e-07,1.5392233206263194e-05
99,152000000,529100000000,13460000000000.0,3078000000000.0,129900000000.0,8.118e-10,20770000,487400,1037.18,173.27,8.118e-07,1.2751724580920971e-05
100,135400000,512600000000,11110000000000.0,2487000000000.0,104500000000.0,6.691e-10,18490000,514000,1037.18,174.0,6.691e-07,1.0510198222584654e-05
101,121000000,488700000000,9132000000000.0,1996000000000.0,83370000000.0,5.49e-10,16500000,540500,1037.18,175.82,5.49e-07,8.623671834103981e-06
102,108700000,459900000000,7481000000000.0,1593000000000.0,66140000000.0,4.49e-10,14750000,567200,1037.18,178.71,4.49e-07,7.052875507309087e-06
103,98080000,428200000000,6119000000000.0,1267000000000.0,52250000000.0,3.665e-10,13220000,594800,1037.18,182.64,3.6649999999999995e-07,5.7569685377032955e-06
104,88990000,395400000000,5003000000000.0,1005000000000.0,41150000000.0,2.991e-10,11870000,624000,1037.18,187.57,2.9909999999999997e-07,4.698251813443535e-06
105,81170000,362700000000,4094000000000.0,795500000000.0,32370000000.0,2.443e-10,10670000,655300,1037.18,193.51,2.4430000000000004e-07,3.837455426359933e-06
106,74410000,331000000000,3356000000000.0,629700000000.0,25460000000.0,1.999e-10,9607000,689200,1037.18,200.43,1.999e-07,3.1400218572629986e-06
107,68540000,301100000000,2758000000000.0,498900000000.0,20060000000.0,1.64e-10,8659000,726200,1037.18,208.33,1.64e-07,2.5761059759436307e-06
108,63400000,273200000000,2275000000000.0,396000000000.0,15840000000.0,1.351e-10,7811000,766900,1037.18,217.18,1.351e-07,2.1221458374999054e-06
109,58880000,247500000000,1884000000000.0,315200000000.0,12550000000.0,1.117e-10,7051000,811800,1037.18,226.92,1.117e-07,1.7545794970298996e-06
110,54890000,224200000000,1568000000000.0,251900000000.0,9994000000.0,9.29e-11,6371000,861700,1037.18,237.44,9.289999999999999e-08,1.459269787592459e-06
111,51360000,203300000000,1313000000000.0,202200000000.0,8005000000.0,7.77e-11,5762000,917300,1037.18,248.62,7.77e-08,1.2205087459196348e-06
112,48200000,184400000000,1105000000000.0,163200000000.0,6449000000.0,6.537e-11,5216000,979100,1037.18,260.45,6.537000000000001e-08,1.026829558825824e-06
113,45350000,167500000000,935600000000.0,132300000000.0,5227000000.0,5.531e-11,4725000,1047000,1037.18,272.93,5.5310000000000004e-08,8.688074483502574e-07
114,42760000,152300000000,796100000000.0,107900000000.0,4262000000.0,4.706e-11,4282000,1122000,1037.18,286.1,4.706e-08,7.392167513896784e-07
115,40380000,138700000000,681000000000.0,88430000000.0,3496000000.0,4.027e-11,3883000,1205000,1037.18,299.95,4.027e-08,6.325596808003049e-07
116,38190000,126400000000,585500000000.0,72890000000.0,2885000000.0,3.463e-11,3522000,1294000,1037.18,314.48,3.463e-08,5.439667679690728e-07
117,36150000,115400000000,505900000000.0,60420000000.0,2395000000.0,2.995e-11,3197000,1392000,1037.18,329.66,2.995e-08,4.7045349987507156e-07
118,34250000,105600000000,439200000000.0,50390000000.0,2000000000.0,2.603e-11,2903000,1499000,1037.18,345.48,2.603e-08,4.088782838647116e-07
119,32470000,96720000000,383200000000.0,42280000000.0,1681000000.0,2.274e-11,2638000,1615000,1037.18,361.86,2.274e-08,3.571990847131595e-07
120,30790000,88790000000,336000000000.0,35700000000.0,1420000000.0,1.997e-11,2399000,1741000,1037.18,378.72,1.997e-08,3.1368802646094086e-07
121,29220000,81710000000,296100000000.0,30330000000.0,1207000000.0,1.762e-11,2184000,1879000,1037.18,395.97,1.7619999999999998e-08,2.7677431278126077e-07
122,27740000,75370000000,262100000000.0,25950000000.0,1032000000.0,1.563e-11,1990000,2029000,1037.18,413.44,1.5629999999999998e-08,2.455154658780423e-07
123,26340000,69690000000,233100000000.0,22340000000.0,887700000.0,1.393e-11,1815000,2192000,1099.58,431.16,1.3930000000000001e-08,2.1881192832252915e-07
124,25040000,64660000000,208500000000.0,19370000000.0,768400000.0,1.249e-11,1659000,2372000,1099.58,448.47,1.249e-08,1.961924612166826e-07
125,23830000,60210000000,187500000000.0,16920000000.0,669100000.0,1.126e-11,1519000,2569000,1099.58,465.32,1.126e-08,1.7687166639710535e-07
126,22710000,56220000000,169400000000.0,14870000000.0,585900000.0,1.0189999999999999e-11,1393000,2786000,1099.58,481.74,1.0189999999999999e-08,1.6006414570039997e-07
127,21660000,52650000000,153600000000.0,13150000000.0,515600000.0,9.273e-12,1280000,3023000,1099.58,497.72,9.273000000000001e-09,1.4565994338369078e-07
128,20690000,49430000000,139900000000.0,11690000000.0,455800000.0,8.468e-12,1178000,3280000,1099.58,513.29,8.468e-09,1.3301503295299186e-07
129,19790000,46520000000,127900000000.0,10450000000.0,404700000.0,7.762e-12,1085000,3559000,1099.58,528.45,7.762e-09,1.2192521088581988e-07
130,18970000,43870000000,117300000000.0,9384000000.0,360700000.0,7.139e-12,1002000,3860000,1099.58,543.21,7.139e-09,1.1213914976988768e-07
131,18230000,41450000000,107900000000.0,8465000000.0,322600000.0,6.586e-12,925700,4185000,1099.58,557.59,6.585999999999999e-09,1.0345264608271189e-07
132,17550000,39240000000,99480000000.0,7668000000.0,289600000.0,6.093e-12,856700,4534000,1099.58,571.59,6.093e-09,9.570862019161307e-08
133,16930000,37210000000,91990000000.0,6972000000.0,260700000.0,5.652e-12,794000,4907000,1099.58,585.22,5.652e-09,8.878140839044757e-08
134,16370000,35350000000,85270000000.0,6362000000.0,235400000.0,5.256e-12,736800,5306000,1099.58,598.5,5.256e-09,8.256105493633978e-08
135,15870000,33620000000,79220000000.0,5824000000.0,213200000.0,4.899e-12,684700,5732000,1099.58,611.43,4.899e-09,7.695331204968198e-08
136,15420000,32030000000,73750000000.0,5348000000.0,193500000.0,4.576e-12,637100,6184000,1099.58,624.03,4.576e-09,7.187963991413447e-08
137,15010000,30560000000,68790000000.0,4924000000.0,176100000.0,4.282e-12,593600,6664000,1099.58,636.3,4.282e-09,6.726149871335748e-08
138,14630000,29190000000,64280000000.0,4546000000.0,160600000.0,4.015e-12,553800,7171000,1099.58,648.24,4.015e-09,6.306747252081509e-08
139,14290000,27910000000,60170000000.0,4208000000.0,146800000.0,3.772e-12,517400,7705000,1099.58,659.88,3.772e-09,5.92504374467035e-08
140,13980000,26720000000,56420000000.0,3903000000.0,134400000.0,3.548e-12,484000,8268000,1099.58,671.21,3.5479999999999997e-09,5.5731853674682933e-08
141,13690000,25610000000,52980000000.0,3628000000.0,123400000.0,3.344e-12,453400,8858000,1099.58,682.24,3.344e-09,5.2527429168021345e-08
142,13430000,24570000000,49820000000.0,3379000000.0,113400000.0,3.155e-12,425300,9475000,1099.58,692.99,3.1550000000000004e-09,4.9558624110378994e-08
143,13180000,23590000000,46910000000.0,3152000000.0,104400000.0,2.982e-12,399400,10120000,1099.58,703.46,2.982e-09,4.684114646502382e-08
144,12960000,22680000000,44230000000.0,2946000000.0,96310000.0,2.821e-12,375700,10790000,1099.58,713.65,2.821e-09,4.431216437888404e-08
145,12740000,21820000000,41750000000.0,2758000000.0,88970000.0,2.673e-12,353800,11490000,1099.58,723.58,2.673e-09,4.198738581522759e-08
146,12540000,21010000000,39450000000.0,2586000000.0,82310000.0,2.535e-12,333600,12210000,1099.58,733.25,2.535e-09,3.981968688425063e-08
147,12350000,20240000000,37330000000.0,2428000000.0,76260000.0,2.407e-12,315000,12960000,1099.58,742.67,2.407e-09,3.780906758595316e-08
148,12170000,19520000000,35350000000.0,2282000000.0,70740000.0,2.288e-12,297800,13730000,1099.58,751.85,2.288e-09,3.5939819957067234e-08
149,12000000,18840000000,33510000000.0,2148000000.0,65710000.0,2.177e-12,281900,14520000,1099.58,760.78,2.1770000000000002e-09,3.4196236034324905e-08
150,11840000,18190000000,31800000000.0,2024000000.0,61120000.0,2.073e-12,267300,15330000,1099.58,769.49,2.073e-09,3.256260785445821e-08
151,11680000,17580000000,30200000000.0,1910000000.0,56910000.0,1.976e-12,253700,16160000,1099.58,777.97,1.9760000000000002e-09,3.103893541746716e-08
152,11540000,17000000000,28710000000.0,1803000000.0,53050000.0,1.886e-12,241100,17000000,1099.58,786.22,1.886e-09,2.962521872335175e-08
153,11390000,16450000000,27310000000.0,1704000000.0,49500000.0,1.8e-12,229500,17870000,1099.58,794.27,1.8e-09,2.827433388230814e-08
154,11260000,15920000000,26000000000.0,1613000000.0,46240000.0,1.721e-12,218600,18740000,1099.58,802.1,1.721e-09,2.703340478414017e-08
155,11130000,15430000000,24770000000.0,1527000000.0,43240000.0,1.645e-12,208600,19630000,1099.58,809.73,1.645e-09,2.583959957577605e-08
156,11000000,14950000000,23610000000.0,1447000000.0,40470000.0,1.575e-12,199300,20530000,1099.58,817.16,1.575e-09,2.4740042147019623e-08
157,10880000,14500000000,22530000000.0,1373000000.0,37910000.0,1.508e-12,190600,21430000,1099.58,824.4,1.508e-09,2.3687608608067044e-08
158,10760000,14070000000,21510000000.0,1303000000.0,35550000.0,1.445e-12,182500,22340000,1099.58,831.46,1.445e-09,2.269800692218626e-08
159,10650000,13650000000,20540000000.0,1238000000.0,33360000.0,1.386e-12,175000,23250000,1099.58,838.33,1.386e-09,2.177123708937727e-08
160,10540000,13260000000,19640000000.0,1176000000.0,31330000.0,1.33e-12,167900,24170000,1099.58,845.02,1.33e-09,2.0891591146372125e-08
161,10440000,12880000000,18770000000.0,1119000000.0,29450000.0,1.277e-12,161400,25080000,1099.58,851.54,1.2769999999999998e-09,2.0059069093170828e-08
162,10330000,12520000000,17960000000.0,1065000000.0,27700000.0,1.226e-12,155300,25990000,1099.58,857.89,1.2260000000000001e-09,1.9257962966505436e-08
163,10230000,12170000000,17200000000.0,1014000000.0,26070000.0,1.179e-12,149500,26890000,1099.58,864.07,1.179e-09,1.8519688692911835e-08
164,10140000,11840000000,16470000000.0,966200000.0,24550000.0,1.134e-12,144200,27780000,1099.58,870.09,1.134e-09,1.781283034585413e-08
165,10040000,11520000000,15790000000.0,921100000.0,23140000.0,1.091e-12,139200,28670000,1099.58,875.96,1.091e-09,1.7137387925332323e-08
166,9952000,11210000000,15140000000.0,878600000.0,21820000.0,1.05e-12,134500,29540000,1099.58,881.68,1.0499999999999999e-09,1.6493361431346413e-08
167,9863000,10920000000,14520000000.0,838400000.0,20590000.0,1.011e-12,130100,30400000,1099.58,887.25,1.0110000000000001e-09,1.588075086389641e-08
168,9777000,10640000000,13930000000.0,800500000.0,19450000.0,9.746e-13,126000,31240000,1099.58,892.67,9.746e-10,1.530898100094306e-08
169,9693000,10360000000,13370000000.0,764600000.0,18370000.0,9.395e-13,122100,32070000,1099.58,897.96,9.395e-10,1.4757631490238052e-08
170,9611000,10100000000,12840000000.0,730700000.0,17370000.0,9.061e-13,118500,32870000,1099.58,903.11,9.061e-10,1.4232985517088558e-08
171,9531000,9848000000,12340000000.0,698600000.0,16420000.0,8.742e-13,115000,33660000,1099.58,908.12,8.741999999999999e-10,1.3731901488840986e-08
172,9453000,9604000000,11860000000.0,668100000.0,15540000.0,8.438e-13,111800,34420000,1099.58,913.01,8.438e-10,1.3254379405495337e-08
173,9377000,9369000000,11400000000.0,639200000.0,14710000.0,8.147e-13,108800,35150000,1099.58,917.77,8.147e-10,1.2797277674398023e-08
174,9302000,9142000000,10970000000.0,611800000.0,13940000.0,7.869e-13,105900,35860000,1099.58,922.41,7.869e-10,1.2360596295549043e-08
175,9230000,8923000000,10550000000.0,585800000.0,13210000.0,7.604e-13,103200,36550000,1099.58,926.92,7.604e-10,1.1944335268948394e-08
176,9159000,8712000000,10160000000.0,561100000.0,12520000.0,7.35e-13,100700,37200000,1099.58,931.32,7.35e-10,1.1545353001942492e-08
177,9089000,8507000000,9778000000.0,537600000.0,11870000.0,7.107e-13,98290,37830000,1099.58,935.61,7.107e-10,1.1163649494531331e-08
178,9022000,8310000000,9416000000.0,515300000.0,11260000.0,6.874e-13,96030,38430000,1099.58,939.79,6.874e-10,1.079765395038812e-08
179,8955000,8118000000,9070000000.0,494000000.0,10690000.0,6.651e-13,93890,39000000,1099.58,943.86,6.651e-10,1.0447366369512857e-08
180,8890000,7933000000,8740000000.0,473800000.0,10150000.0,6.437e-13,91860,39540000,1099.58,947.82,6.437e-10,1.011121595557875e-08
181,8827000,7754000000,8423000000.0,454500000.0,9642000.0,6.232e-13,89950,40040000,1099.58,951.68,6.232e-10,9.789202708585797e-09
182,8764000,7580000000,8121000000.0,436200000.0,9162000.0,6.036e-13,88130,40520000,1099.58,955.45,6.036e-10,9.481326628533994e-09
183,8703000,7412000000,7831000000.0,418700000.0,8708000.0,5.847e-13,86420,40960000,1099.58,959.11,5.847000000000001e-10,9.184446122769762e-09
184,8643000,7249000000,7553000000.0,402000000.0,8280000.0,5.665e-13,84790,41370000,1099.58,962.68,5.665e-10,8.89856119129309e-09
185,8584000,7090000000,7287000000.0,386000000.0,7875000.0,5.491e-13,83240,41740000,1099.58,966.16,5.491e-10,8.625242630430778e-09
186,8527000,6937000000,7032000000.0,370800000.0,7493000.0,5.323e-13,81780,42090000,1099.58,969.55,5.323e-10,8.361348847529235e-09
187,8470000,6787000000,6788000000.0,356300000.0,7131000.0,5.162e-13,80390,42400000,1099.58,972.86,5.161999999999999e-10,8.108450638915255e-09
188,8414000,6643000000,6553000000.0,342400000.0,6788000.0,5.007e-13,79070,42690000,1099.58,976.08,5.006999999999999e-10,7.864977208262046e-09
189,8360000,6502000000,6328000000.0,329200000.0,6464000.0,4.858e-13,77810,42940000,1099.58,979.21,4.858e-10,7.630928555569607e-09
190,8306000,6365000000,6111000000.0,316500000.0,6157000.0,4.714e-13,76620,43150000,1099.58,982.27,4.713999999999999e-10,7.404733884511142e-09
191,8253000,6233000000,5904000000.0,304400000.0,5866000.0,4.576e-13,75480,43340000,1099.58,985.24,4.576e-10,7.187963991413448e-09
192,8202000,6103000000,5704000000.0,292800000.0,5590000.0,4.442e-13,74400,43500000,1099.58,988.14,4.4420000000000003e-10,6.977477283622932e-09
193,8151000,5978000000,5512000000.0,281700000.0,5329000.0,4.314e-13,73370,43630000,1099.58,990.97,4.3140000000000003e-10,6.7764153537931846e-09
194,8101000,5856000000,5328000000.0,271000000.0,5081000.0,4.19e-13,72390,43730000,1099.58,993.72,4.19e-10,6.5816366092706166e-09
195,8051000,5737000000,5151000000.0,260800000.0,4845000.0,4.07e-13,71450,43800000,1099.58,996.41,4.07e-10,6.393141050055229e-09
196,8003000,5621000000,4980000000.0,251100000.0,4622000.0,3.955e-13,70560,43840000,1099.58,999.02,3.955e-10,6.212499472473816e-09
197,7955000,5508000000,4816000000.0,241700000.0,4409000.0,3.843e-13,69710,43860000,1099.58,1001.57,3.843e-10,6.036570283872788e-09
198,7908000,5398000000,4658000000.0,232800000.0,4208000.0,3.736e-13,68900,43850000,1099.58,1004.05,3.736e-10,5.868495076905733e-09
199,7862000,5291000000,4506000000.0,224200000.0,4016000.0,3.632e-13,68120,43820000,1099.58,1006.47,3.632e-10,5.7051322589190655e-09
200,7816000,5187000000,4359000000.0,216000000.0,3834000.0,3.532e-13,67380,43760000,1099.58,1008.82,3.532e-10,5.548052626239575e-09
201,7764000,5085000000,4218000000.0,208200000.0,3661000.0,3.435e-13,66680,43680000,1099.58,1011.12,3.435e-10,5.39568538254047e-09
202,7720000,4986000000,4082000000.0,200600000.0,3496000.0,3.341e-13,66000,43570000,1099.58,1013.35,3.341e-10,5.24803052782175e-09
203,7676000,4890000000,3951000000.0,193300000.0,3340000.0,3.251e-13,65350,43440000,1099.58,1015.53,3.251e-10,5.1066588584102094e-09
204,7634000,4795000000,3825000000.0,186300000.0,3191000.0,3.163e-13,64730,43300000,1099.58,1017.66,3.163e-10,4.9684287816522584e-09
205,7591000,4703000000,3703000000.0,179600000.0,3049000.0,3.078e-13,64140,43130000,1099.58,1019.73,3.078e-10,4.834911093874692e-09
206,7550000,4613000000,3585000000.0,173100000.0,2913000.0,2.996e-13,63570,42940000,1099.58,1021.75,2.9960000000000003e-10,4.706105795077511e-09
207,7508000,4526000000,3472000000.0,166900000.0,2785000.0,2.917e-13,63030,42740000,1099.58,1023.71,2.917e-10,4.582012885260714e-09
208,7468000,4440000000,3362000000.0,161000000.0,2662000.0,2.84e-13,62510,42520000,1099.58,1025.63,2.84e-10,4.4610615680975066e-09
209,7428000,4357000000,3257000000.0,155300000.0,2545000.0,2.765e-13,62010,42280000,1099.58,1027.49,2.765e-10,4.343251843587889e-09
210,7388000,4275000000,3155000000.0,149800000.0,2434000.0,2.693e-13,61530,42030000,1099.58,1029.31,2.6930000000000004e-10,4.2301545080586575e-09
211,7349000,4195000000,3057000000.0,144500000.0,2328000.0,2.623e-13,61070,41760000,1099.58,1031.08,2.623e-10,4.120198765183015e-09
212,7310000,4117000000,2962000000.0,139400000.0,2227000.0,2.556e-13,60630,41480000,1099.58,1032.81,2.556e-10,4.014955411287756e-09
213,7272000,4041000000,2870000000.0,134500000.0,2130000.0,2.49e-13,60200,41180000,1099.58,1034.49,2.49e-10,3.911282853719293e-09
214,7234000,3967000000,2781000000.0,129800000.0,2038000.0,2.427e-13,59800,40880000,1099.58,1036.13,2.427e-10,3.812322685131215e-09
215,7197000,3894000000,2696000000.0,125300000.0,1950000.0,2.365e-13,59410,40560000,1099.58,1037.73,2.365e-10,3.7149333128699306e-09
216,7160000,3823000000,2613000000.0,120900000.0,1866000.0,2.305e-13,59030,40230000,1099.58,1039.29,2.3049999999999998e-10,3.6206855332622365e-09
217,7124000,3753000000,2533000000.0,116700000.0,1786000.0,2.247e-13,58670,39890000,1099.58,1040.81,2.2469999999999998e-10,3.5295793463081328e-09
218,7088000,3685000000,2456000000.0,112700000.0,1710000.0,2.191e-13,58320,39550000,1099.58,1042.29,2.191e-10,3.4416147520076186e-09
219,7052000,3619000000,2381000000.0,108800000.0,1637000.0,2.136e-13,57980,39190000,1099.58,1043.73,2.136e-10,3.355220954033899e-09
220,7017000,3553000000,2309000000.0,105100000.0,1567000.0,2.083e-13,57660,38830000,1099.58,1045.13,2.083e-10,3.27196874871377e-09
221,6982000,3490000000,2239000000.0,101400000.0,1501000.0,2.032e-13,57350,38460000,1099.58,1046.5,2.032e-10,3.1918581360472303e-09
222,6947000,3427000000,2172000000.0,97980000.0,1437000.0,1.982e-13,57050,38080000,1099.58,1047.83,1.982e-10,3.113318319707485e-09
223,6913000,3366000000,2106000000.0,94630000.0,1377000.0,1.933e-13,56760,37700000,1099.58,1049.14,1.933e-10,3.036349299694535e-09
224,6879000,3306000000,2043000000.0,91410000.0,1319000.0,1.886e-13,56480,37320000,1099.58,1050.4,1.886e-10,2.962521872335175e-09
225,6846000,3248000000,1982000000.0,88300000.0,1263000.0,1.84e-13,56210,36920000,1099.58,1051.64,1.84e-10,2.89026524130261e-09
226,6812000,3190000000,1923000000.0,85300000.0,1210000.0,1.796e-13,55950,36530000,1099.58,1052.84,1.796e-10,2.8211502029236343e-09
227,6780000,3134000000,1865000000.0,82420000.0,1159000.0,1.753e-13,55700,36130000,1099.58,1054.01,1.753e-10,2.753605960871454e-09
228,6747000,3079000000,1810000000.0,79640000.0,1111000.0,1.711e-13,55460,35730000,1099.58,1055.16,1.711e-10,2.6876325151460684e-09
229,6715000,3025000000,1756000000.0,76950000.0,1065000.0,1.67e-13,55230,35330000,1099.58,1056.27,1.67e-10,2.6232298657474776e-09
230,6683000,2973000000,1704000000.0,74360000.0,1020000.0,1.63e-13,55000,34920000,1099.58,1057.36,1.63e-10,2.560398012675682e-09
231,6651000,2921000000,1654000000.0,71870000.0,978000.0,1.592e-13,54780,34510000,1099.58,1058.42,1.592e-10,2.5007077522574754e-09
232,6620000,2870000000,1605000000.0,69460000.0,937400.0,1.554e-13,54570,34100000,1099.58,1059.45,1.554e-10,2.4410174918392697e-09
233,6589000,2821000000,1558000000.0,67140000.0,898600.0,1.518e-13,54360,33690000,1099.58,1060.45,1.5179999999999998e-10,2.3844688240746527e-09
234,6558000,2772000000,1512000000.0,64900000.0,861500.0,1.482e-13,54160,33280000,1099.58,1061.43,1.482e-10,2.327920156310037e-09
235,6528000,2724000000,1468000000.0,62740000.0,826000.0,1.448e-13,53970,32870000,1099.58,1062.39,1.448e-10,2.2745130811990106e-09
236,6498000,2677000000,1425000000.0,60660000.0,792000.0,1.414e-13,53790,32460000,1099.58,1063.32,1.414e-10,2.221106006087984e-09
237,6468000,2632000000,1383000000.0,58640000.0,759400.0,1.381e-13,53600,32050000,1099.58,1064.23,1.3810000000000002e-10,2.169269727303753e-09
238,6438000,2587000000,1343000000.0,56700000.0,728300.0,1.35e-13,53430,31650000,1099.58,1065.11,1.35e-10,2.120575041173111e-09
239,6408000,2542000000,1304000000.0,54830000.0,698400.0,1.319e-13,53260,31240000,1099.58,1065.97,1.319e-10,2.071880355042469e-09
240,6379000,2499000000,1266000000.0,53020000.0,669900.0,1.288e-13,53090,30830000,1099.58,1066.81,1.2879999999999998e-10,2.023185668911827e-09
241,6350000,2457000000,1229000000.0,51270000.0,642700.0,1.259e-13,52930,30430000,1099.58,1067.63,1.259e-10,1.977632575434775e-09
242,6321000,2415000000,1194000000.0,49580000.0,616500.0,1.23e-13,52780,30030000,1099.58,1068.43,1.2300000000000001e-10,1.932079481957723e-09
243,6293000,2374000000,1159000000.0,47950000.0,591400.0,1.203e-13,52630,29630000,1099.58,1069.21,1.2030000000000001e-10,1.889667981134261e-09
244,6265000,2334000000,1126000000.0,46380000.0,567300.0,1.175e-13,52480,29230000,1099.58,1069.97,1.175e-10,1.8456856839840038e-09
245,6237000,2295000000,1093000000.0,44860000.0,544300.0,1.149e-13,52330,28840000,1099.58,1070.71,1.149e-10,1.8048449794873364e-09
246,6209000,2256000000,1062000000.0,43400000.0,522200.0,1.123e-13,52200,28440000,1099.58,1071.43,1.123e-10,1.764004274990669e-09
247,6181000,2219000000,1031000000.0,41980000.0,501100.0,1.098e-13,52060,28050000,1099.58,1072.13,1.098e-10,1.7247343668207966e-09
248,6154000,2181000000,1002000000.0,40610000.0,480800.0,1.074e-13,51930,27670000,1099.58,1072.81,1.074e-10,1.687035254977719e-09
249,6126000,2145000000,973200000.0,39290000.0,461400.0,1.05e-13,51800,27290000,1099.58,1073.48,1.05e-10,1.6493361431346414e-09
250,6099000,2109000000,945400000.0,38010000.0,442800.0,1.027e-13,51670,26910000,1099.58,1074.13,1.0269999999999999e-10,1.6132078276183587e-09
251,6073000,2074000000,918400000.0,36780000.0,425000.0,1.004e-13,51550,26530000,1099.58,1074.77,1.004e-10,1.5770795121020762e-09
252,6046000,2040000000,892200000.0,35580000.0,407900.0,9.821e-14,51430,26160000,1099.58,1075.38,9.821e-11,1.5426790725452681e-09
253,6020000,2006000000,866800000.0,34430000.0,391500.0,9.606e-14,51310,25790000,1099.58,1075.99,9.606e-11,1.5089069515191778e-09
254,5993000,1973000000,842200000.0,33320000.0,375800.0,9.396e-14,51200,25420000,1099.58,1076.57,9.396e-11,1.475920228656485e-09
255,5967000,1940000000,818300000.0,32240000.0,360700.0,9.192e-14,51090,25060000,1099.58,1077.15,9.192e-11,1.4438759835898692e-09
256,5941000,1908000000,795100000.0,31200000.0,346300.0,8.992e-14,50980,24700000,1099.58,1077.7,8.992e-11,1.4124600570539712e-09
257,5916000,1877000000,772500000.0,30200000.0,332400.0,8.798e-14,50870,24350000,1099.58,1078.25,8.797999999999999e-11,1.38198660831415e-09
258,5890000,1846000000,750700000.0,29220000.0,319100.0,8.608e-14,50770,24000000,1099.58,1078.78,8.608e-11,1.3521414781050471e-09
259,5865000,1815000000,729500000.0,28280000.0,306400.0,8.423e-14,50660,23650000,1099.58,1079.3,8.423e-11,1.3230817460593416e-09
260,5840000,1786000000,708900000.0,27370000.0,294200.0,8.243e-14,50560,23310000,1099.58,1079.8,8.242999999999999e-11,1.2948074121770331e-09
261,5815000,1756000000,688900000.0,26500000.0,282400.0,8.067e-14,50470,22970000,1099.58,1080.29,8.067e-11,1.2671613968254434e-09
262,5790000,1728000000,669500000.0,25650000.0,271200.0,7.895e-14,50370,22630000,1099.58,1080.77,7.895e-11,1.240143700004571e-09
263,5765000,1699000000,650700000.0,24830000.0,260400.0,7.727e-14,50280,22300000,1099.58,1081.24,7.727e-11,1.2137543217144165e-09
264,5741000,1672000000,632400000.0,24030000.0,250100.0,7.564e-14,50180,21980000,1099.58,1081.69,7.564e-11,1.1881503415876598e-09
265,5716000,1644000000,614700000.0,23260000.0,240200.0,7.404e-14,50090,21650000,1099.58,1082.14,7.404000000000001e-11,1.1630176003589416e-09
266,5692000,1618000000,597400000.0,22520000.0,230600.0,7.248e-14,50010,21340000,1099.58,1082.57,7.247999999999999e-11,1.1385131776609412e-09
267,5668000,1591000000,580700000.0,21800000.0,221500.0,7.096e-14,49920,21020000,1099.58,1082.99,7.095999999999999e-11,1.1146370734936587e-09
268,5644000,1566000000,564500000.0,21110000.0,212700.0,6.947e-14,49830,20710000,1099.58,1083.4,6.947000000000001e-11,1.091232208224415e-09
269,5620000,1540000000,548700000.0,20440000.0,204300.0,6.802e-14,49750,20410000,1099.58,1083.8,6.802e-11,1.0684556614858887e-09
270,5597000,1515000000,533400000.0,19790000.0,196300.0,6.66e-14,49670,20110000,1099.58,1084.19,6.660000000000001e-11,1.0461503536454014e-09
271,5573000,1491000000,518500000.0,19160000.0,188500.0,6.522e-14,49580,19810000,1099.58,1084.58,6.522e-11,1.0244733643356316e-09
272,5550000,1467000000,504000000.0,18550000.0,181100.0,6.387e-14,49500,19510000,1099.58,1084.95,6.387e-11,1.0032676139239003e-09
273,5527000,1443000000,490000000.0,17960000.0,173900.0,6.255e-14,49420,19220000,1099.58,1085.31,6.254999999999999e-11,9.825331024102077e-10
274,5504000,1420000000,476400000.0,17390000.0,167100.0,6.126e-14,49350,18940000,1099.58,1085.66,6.125999999999999e-11,9.622698297945537e-10
275,5481000,1397000000,463100000.0,16840000.0,160500.0,6e-14,49270,18660000,1099.58,1086.01,6e-11,9.42477796076938e-10
276,5458000,1374000000,450300000.0,16310000.0,154200.0,5.877e-14,49200,18380000,1099.58,1086.34,5.877e-11,9.231570012573608e-10
277,5435000,1352000000,437800000.0,15800000.0,148200.0,5.757e-14,49120,18110000,1099.58,1086.67,5.757e-11,9.04307445335822e-10
278,5413000,1331000000,425700000.0,15300000.0,142300.0,5.64e-14,49050,17840000,1099.58,1086.99,5.64e-11,8.859291283123218e-10
279,5390000,1309000000,413900000.0,14810000.0,136800.0,5.525e-14,48980,17570000,1099.58,1087.3,5.5249999999999997e-11,8.678649705541804e-10
280,5368000,1288000000,402400000.0,14350000.0,131400.0,5.413e-14,48900,17310000,1099.58,1087.6,5.413e-11,8.502720516940775e-10
281,5346000,1268000000,391300000.0,13890000.0,126300.0,5.304e-14,48830,17050000,1099.58,1087.9,5.304e-11,8.331503717320132e-10
282,5324000,1247000000,380500000.0,13460000.0,121300.0,5.197e-14,48760,16800000,1099.58,1088.19,5.1969999999999996e-11,8.163428510353077e-10
283,5302000,1228000000,370000000.0,13030000.0,116600.0,5.092e-14,48700,16550000,1099.58,1088.47,5.092e-11,7.998494896039613e-10
284,5280000,1208000000,359800000.0,12620000.0,112000.0,4.99e-14,48630,16300000,1099.58,1088.74,4.9900000000000003e-11,7.838273670706535e-10
285,5259000,1189000000,349800000.0,12230000.0,107700.0,4.89e-14,48560,16060000,1099.58,1089.01,4.89e-11,7.681194038027045e-10
286,5237000,1170000000,340200000.0,11840000.0,103500.0,4.792e-14,48500,15820000,1099.58,1089.27,4.792e-11,7.527255998001145e-10
287,5216000,1151000000,330800000.0,11470000.0,99420.0,4.697e-14,48430,15580000,1099.58,1089.52,4.697e-11,7.378030346955631e-10
288,5195000,1133000000,321700000.0,11110000.0,95540.0,4.603e-14,48370,15350000,1099.58,1089.77,4.603e-11,7.23037549223691e-10
289,5173000,1115000000,312900000.0,10770000.0,91820.0,4.512e-14,48300,15120000,1099.58,1090.01,4.512e-11,7.087433026498575e-10
290,5152000,1097000000,304300000.0,10430000.0,88250.0,4.423e-14,48240,14900000,1099.58,1090.25,4.423e-11,6.947632153413828e-10
291,5131000,1080000000,296000000.0,10100000.0,84820.0,4.335e-14,48180,14670000,1099.58,1090.48,4.335e-11,6.809402076655877e-10
292,5111000,1063000000,287800000.0,9787000.0,81520.0,4.25e-14,48110,14460000,1099.58,1090.7,4.25e-11,6.675884388878311e-10
293,5090000,1046000000,280000000.0,9481000.0,78360.0,4.166e-14,48050,14240000,1099.58,1090.92,4.166e-11,6.54393749742754e-10
294,5069000,1029000000,272300000.0,9185000.0,75320.0,4.085e-14,47990,14030000,1099.58,1091.13,4.085e-11,6.416702994957152e-10
295,5049000,1013000000,264800000.0,8899000.0,72390.0,4.005e-14,47930,13820000,1099.58,1091.34,4.005e-11,6.291039288813561e-10
296,5028000,997100000,257600000.0,8621000.0,69590.0,3.927e-14,47870,13610000,1099.58,1091.54,3.927e-11,6.168517175323559e-10
297,5008000,981300000,250500000.0,8353000.0,66890.0,3.85e-14,47810,13410000,1099.58,1091.74,3.85e-11,6.047565858160353e-10
298,4988000,965900000,243700000.0,8092000.0,64300.0,3.776e-14,47760,13210000,1099.58,1091.93,3.776e-11,5.93132692997753e-10
299,4968000,950700000,237100000.0,7841000.0,61810.0,3.702e-14,47700,13020000,1099.58,1092.12,3.7020000000000005e-11,5.815088001794708e-10
300,4948000,935100000,230600000.0,7597000.0,59420.0,3.629e-14,47640,12820000,1099.58,1092.31,3.6290000000000005e-11,5.700419869938681e-10
301,4928000,920400000,224300000.0,7361000.0,57120.0,3.559e-14,47580,12630000,1099.58,1092.48,3.5590000000000003e-11,5.590464127063037e-10
302,4908000,906000000,218200000.0,7132000.0,54920.0,3.491e-14,47520,12440000,1099.58,1092.66,3.491e-11,5.483649976840984e-10
303,4889000,891700000,212200000.0,6911000.0,52800.0,3.424e-14,47470,12260000,1099.58,1092.83,3.424e-11,5.378406622945727e-10
304,4869000,877800000,206500000.0,6696000.0,50760.0,3.358e-14,47410,12080000,1099.58,1092.99,3.358e-11,5.274734065377263e-10
305,4850000,864000000,200800000.0,6489000.0,48800.0,3.294e-14,47360,11900000,1099.58,1093.16,3.2940000000000005e-11,5.17420310046239e-10
306,4830000,850500000,195400000.0,6288000.0,46920.0,3.231e-14,47300,11720000,1099.58,1093.31,3.2309999999999996e-11,5.075242931874311e-10
307,4811000,837100000,190100000.0,6093000.0,45110.0,3.17e-14,47250,11550000,1099.58,1093.47,3.17e-11,4.979424355939822e-10
308,4792000,824000000,184900000.0,5904000.0,43370.0,3.109e-14,47190,11380000,1099.58,1093.62,3.1090000000000006e-11,4.883605780005335e-10
309,4773000,811100000,179900000.0,5722000.0,41700.0,3.05e-14,47140,11210000,1099.58,1093.76,3.0500000000000005e-11,4.790928796724436e-10
310,4754000,798500000,175000000.0,5545000.0,40100.0,2.993e-14,47090,11050000,1099.58,1093.9,2.993e-11,4.701393406097125e-10
311,4735000,786000000,170300000.0,5373000.0,38560.0,2.936e-14,47030,10880000,1099.58,1094.04,2.936e-11,4.611858015469817e-10
312,4716000,773700000,165700000.0,5207000.0,37080.0,2.881e-14,46980,10720000,1099.58,1094.18,2.881e-11,4.525464217496097e-10
313,4697000,761700000,161200000.0,5046000.0,35650.0,2.827e-14,46930,10570000,1099.58,1094.31,2.827e-11,4.440641215849173e-10
314,4679000,749800000,156800000.0,4891000.0,34280.0,2.774e-14,46880,10410000,1099.58,1094.44,2.774e-11,4.3573890105290434e-10
315,4660000,738100000,152600000.0,4740000.0,32970.0,2.722e-14,46820,10260000,1099.58,1094.57,2.722e-11,4.275707601535709e-10
316,4642000,726600000,148400000.0,4594000.0,31700.0,2.671e-14,46770,10110000,1099.58,1094.69,2.671e-11,4.195596988869169e-10
317,4623000,715300000,144400000.0,4452000.0,30490.0,2.621e-14,46720,9962000,1099.58,1094.81,2.621e-11,4.1170571725294237e-10
318,4605000,704200000,140500000.0,4315000.0,29320.0,2.572e-14,46670,9817000,1099.58,1094.92,2.572e-11,4.040088152516474e-10
319,4587000,693200000,136700000.0,4182000.0,28190.0,2.525e-14,46620,9674000,1099.58,1095.04,2.525e-11,3.9662607251571145e-10
320,4569000,682400000,133000000.0,4053000.0,27120.0,2.478e-14,46570,9533000,1099.58,1095.15,2.478e-11,3.892433297797754e-10
321,4551000,671800000,129500000.0,3929000.0,26080.0,2.432e-14,46460,9394000,1099.58,1095.26,2.432e-11,3.8201766667651884e-10
322,4533000,661400000,126000000.0,3808000.0,25080.0,2.387e-14,46420,9257000,1099.58,1095.36,2.387e-11,3.7494908320594187e-10
323,4515000,651100000,122600000.0,3691000.0,24120.0,2.343e-14,46370,9123000,1099.58,1095.46,2.343e-11,3.680375793680443e-10
324,4497000,641000000,119300000.0,3578000.0,23200.0,2.3e-14,46320,8991000,1099.58,1095.57,2.3e-11,3.612831551628263e-10
325,4479000,631100000,116100000.0,3468000.0,22310.0,2.258e-14,46270,8860000,1099.58,1095.66,2.258e-11,3.546858105902877e-10
326,4462000,621300000,112900000.0,3361000.0,21460.0,2.216e-14,46230,8732000,1099.58,1095.76,2.216e-11,3.4808846601774914e-10
327,4444000,611700000,109900000.0,3258000.0,20640.0,2.176e-14,46180,8606000,1099.58,1095.85,2.176e-11,3.4180528071056955e-10
328,4427000,602200000,106900000.0,3158000.0,19850.0,2.136e-14,46130,8482000,1099.58,1095.94,2.136e-11,3.3552209540338995e-10
329,4409000,592900000,104100000.0,3062000.0,19100.0,2.097e-14,46080,8359000,1099.58,1096.03,2.097e-11,3.293959897288898e-10
330,4392000,583800000,101300000.0,2968000.0,18370.0,2.059e-14,46040,8239000,1099.58,1096.12,2.059e-11,3.2342696368706927e-10
331,4375000,574700000,98550000.0,2877000.0,17670.0,2.022e-14,45990,8120000,1099.58,1096.2,2.0220000000000002e-11,3.1761501727792813e-10
332,4358000,565900000,95900000.0,2789000.0,17000.0,1.985e-14,45940,8003000,1099.58,1096.28,1.9849999999999998e-11,3.11803070868787e-10
333,4341000,557100000,93330000.0,2704000.0,16350.0,1.949e-14,45900,7888000,1099.58,1096.36,1.9490000000000002e-11,3.061482040923254e-10
334,4324000,548500000,90830000.0,2621000.0,15730.0,1.914e-14,45850,7775000,1099.58,1096.44,1.914e-11,3.0065041694854323e-10
335,4307000,540100000,88390000.0,2541000.0,15130.0,1.88e-14,45810,7663000,1099.58,1096.52,1.88e-11,2.9530970943744055e-10
336,4290000,531700000,86020000.0,2463000.0,14550.0,1.846e-14,45760,7554000,1099.58,1096.59,1.846e-11,2.899690019263379e-10
337,4273000,523500000,83720000.0,2388000.0,14000.0,1.813e-14,45710,7446000,1099.58,1096.67,1.813e-11,2.847853740479148e-10
338,4257000,515500000,81480000.0,2315000.0,13470.0,1.78e-14,45670,7339000,1099.58,1096.74,1.78e-11,2.7960174616949164e-10
339,4240000,507500000,79300000.0,2244000.0,12960.0,1.748e-14,45620,7234000,1099.58,1096.8,1.7479999999999997e-11,2.7457519792374794e-10
340,4224000,499700000,77180000.0,2176000.0,12460.0,1.717e-14,45580,7131000,1099.58,1096.87,1.717e-11,2.6970572931068377e-10
341,4207000,492000000,75110000.0,2110000.0,11990.0,1.686e-14,45530,7030000,1099.58,1096.94,1.686e-11,2.648362606976196e-10
342,4191000,484500000,73110000.0,2045000.0,11540.0,1.656e-14,45480,6929000,1099.58,1097.0,1.6560000000000002e-11,2.601238717172349e-10
343,4175000,477000000,71150000.0,1983000.0,11100.0,1.627e-14,45440,6831000,1099.58,1097.06,1.627e-11,2.5556856236952966e-10
344,4158000,469700000,69250000.0,1923000.0,10680.0,1.598e-14,45390,6734000,1099.58,1097.13,1.598e-11,2.5101325302182447e-10
345,4142000,462500000,67400000.0,1864000.0,10270.0,1.57e-14,45350,6638000,1099.58,1097.18,1.5699999999999998e-11,2.4661502330679876e-10
346,4126000,455400000,65600000.0,1807000.0,9884.0,1.542e-14,45300,6544000,1099.58,1097.24,1.542e-11,2.422167935917731e-10
347,4110000,448400000,63850000.0,1752000.0,9510.0,1.515e-14,45260,6451000,1099.58,1097.3,1.515e-11,2.3797564350942687e-10
348,4094000,441500000,62150000.0,1699000.0,9150.0,1.488e-14,45210,6360000,1099.58,1097.35,1.4879999999999998e-11,2.337344934270806e-10
349,4078000,434800000,60500000.0,1647000.0,8803.0,1.462e-14,45170,6270000,1099.58,1097.41,1.4619999999999997e-11,2.2965042297741385e-10
350,4063000,428100000,58880000.0,1597000.0,8471.0,1.436e-14,45120,6182000,1099.58,1097.46,1.4360000000000001e-11,2.2556635252774717e-10
351,4047000,421500000,57320000.0,1549000.0,8150.0,1.411e-14,45080,6095000,1099.58,1097.51,1.4109999999999999e-11,2.2163936171075991e-10
352,4031000,415100000,55790000.0,1502000.0,7842.0,1.386e-14,45030,6009000,1099.58,1097.56,1.3860000000000001e-11,2.177123708937727e-10
353,4016000,408700000,54300000.0,1456000.0,7546.0,1.362e-14,44990,5924000,1099.58,1097.61,1.3619999999999999e-11,2.1394245970946492e-10
354,4000000,402500000,52860000.0,1412000.0,7261.0,1.338e-14,44950,5841000,1099.58,1097.66,1.338e-11,2.1017254852515718e-10
355,3985000,396300000,51450000.0,1369000.0,6987.0,1.315e-14,44900,5759000,1099.58,1097.7,1.315e-11,2.0655971697352892e-10
356,3969000,390300000,50090000.0,1328000.0,6723.0,1.292e-14,44860,5678000,1099.58,1097.75,1.292e-11,2.0294688542190067e-10
357,3954000,384300000,48760000.0,1287000.0,6469.0,1.27e-14,44810,5598000,1099.58,1097.79,1.27e-11,1.994911335029519e-10
358,3939000,378400000,47460000.0,1248000.0,6225.0,1.248e-14,44770,5520000,1099.58,1097.84,1.2479999999999999e-11,1.9603538158400308e-10
359,3923000,372700000,46200000.0,1211000.0,5991.0,1.226e-14,44730,5443000,1099.58,1097.88,1.226e-11,1.9257962966505433e-10
360,3908000,367000000,44970000.0,1174000.0,5765.0,1.205e-14,44680,5366000,1099.58,1097.92,1.205e-11,1.8928095737878505e-10
361,3893000,361400000,43780000.0,1138000.0,5548.0,1.184e-14,44640,5292000,1099.58,1097.96,1.184e-11,1.8598228509251574e-10
362,3878000,355900000,42620000.0,1104000.0,5339.0,1.164e-14,44590,5218000,1099.58,1098.0,1.164e-11,1.82840692438926e-10
363,3863000,350400000,41490000.0,1071000.0,5138.0,1.144e-14,44550,5145000,1099.58,1098.04,1.144e-11,1.796990997853362e-10
364,3849000,345100000,40390000.0,1038000.0,4944.0,1.124e-14,44510,5073000,1099.58,1098.07,1.124e-11,1.765575071317464e-10
365,3834000,339800000,39320000.0,1007000.0,4758.0,1.105e-14,44460,5003000,1099.58,1098.11,1.105e-11,1.7357299411083609e-10
366,3819000,334700000,38280000.0,976500.0,4579.0,1.086e-14,44420,4933000,1099.58,1098.15,1.086e-11,1.705884810899258e-10
367,3804000,329600000,37260000.0,947000.0,4407.0,1.067e-14,44380,4865000,1099.58,1098.18,1.067e-11,1.676039680690155e-10
368,3790000,324500000,36280000.0,918400.0,4242.0,1.049e-14,44330,4797000,1099.58,1098.21,1.0489999999999999e-11,1.6477653468078464e-10
369,3775000,319600000,35320000.0,890700.0,4082.0,1.031e-14,44290,4731000,1099.58,1098.25,1.0310000000000001e-11,1.6194910129255386e-10
370,3761000,314700000,34380000.0,863800.0,3929.0,1.014e-14,44250,4665000,1099.58,1098.28,1.014e-11,1.5927874753700252e-10
371,3746000,310000000,33470000.0,837800.0,3781.0,9.965e-15,44200,4600000,1099.58,1098.31,9.965e-12,1.5652985396511147e-10
372,3732000,305300000,32590000.0,812500.0,3640.0,9.796e-15,44160,4537000,1099.58,1098.34,9.796e-12,1.5387520817282808e-10
373,3718000,300600000,31730000.0,788000.0,3503.0,9.63e-15,44120,4474000,1099.58,1098.37,9.63e-12,1.5126768627034853e-10
374,3703000,296100000,30890000.0,764300.0,3372.0,9.467e-15,44070,4412000,1099.58,1098.4,9.467e-12,1.487072882576729e-10
375,3689000,291600000,30080000.0,741300.0,3245.0,9.307e-15,44030,4351000,1099.58,1098.43,9.307000000000001e-12,1.4619401413480107e-10
376,3675000,287100000,29280000.0,719000.0,3124.0,9.15e-15,43990,4291000,1099.58,1098.46,9.15e-12,1.4372786390173305e-10
377,3661000,282800000,28510000.0,697300.0,3006.0,8.995e-15,43950,4232000,1099.58,1098.48,8.995e-12,1.4129312959520096e-10
378,3647000,278500000,27760000.0,676400.0,2894.0,8.844e-15,43900,4174000,1099.58,1098.51,8.843999999999999e-12,1.3892122714174067e-10
379,3633000,274300000,27020000.0,656000.0,2786.0,8.695e-15,43860,4117000,1099.58,1098.53,8.694999999999999e-12,1.3658074061481626e-10
380,3619000,270100000,26310000.0,636300.0,2681.0,8.549e-15,43820,4060000,1099.58,1098.56,8.549e-12,1.342873779776957e-10
381,3605000,266000000,25620000.0,617200.0,2581.0,8.406e-15,43780,4005000,1099.58,1098.58,8.406e-12,1.32041139230379e-10
382,3592000,262000000,24940000.0,598600.0,2484.0,8.265e-15,43730,3950000,1099.58,1098.61,8.265e-12,1.298263164095982e-10
383,3578000,258000000,24290000.0,580600.0,2391.0,8.127e-15,43690,3896000,1099.58,1098.63,8.127e-12,1.2765861747862125e-10
384,3564000,254100000,23650000.0,563200.0,2302.0,7.992e-15,43650,3842000,1099.58,1098.65,7.992e-12,1.2553804243744817e-10
385,3551000,250300000,23030000.0,546300.0,2216.0,7.858e-15,43610,3790000,1099.58,1098.68,7.858e-12,1.2343317535954298e-10
386,3537000,246500000,22420000.0,529900.0,2133.0,7.728e-15,43570,3738000,1099.58,1098.7,7.728e-12,1.213911401347096e-10
387,3524000,242800000,21830000.0,514000.0,2054.0,7.599e-15,43520,3687000,1099.58,1098.72,7.599000000000001e-12,1.1936481287314422e-10
388,3510000,239100000,21260000.0,498600.0,1977.0,7.473e-15,43480,3637000,1099.58,1098.74,7.473e-12,1.1738560950138264e-10
389,3497000,235500000,20700000.0,483700.0,1903.0,7.349e-15,43440,3587000,1099.58,1098.76,7.349e-12,1.1543782205615696e-10
390,3484000,231900000,20150000.0,469200.0,1832.0,7.227e-15,43400,3538000,1099.58,1098.78,7.227e-12,1.1352145053746718e-10
391,3470000,228400000,19620000.0,455100.0,1764.0,7.108e-15,43360,3490000,1099.58,1098.8,7.107999999999999e-12,1.1165220290858125e-10
392,3457000,225000000,19110000.0,441500.0,1698.0,6.99e-15,43320,3442000,1099.58,1098.82,6.990000000000001e-12,1.097986632429633e-10
393,3444000,221600000,18610000.0,428300.0,1635.0,6.875e-15,43270,3396000,1099.58,1098.83,6.875e-12,1.0799224746714914e-10
394,3431000,218200000,18120000.0,415500.0,1574.0,6.762e-15,43230,3350000,1099.58,1098.85,6.762e-12,1.0621724761787091e-10
395,3418000,215000000,17640000.0,403000.0,1515.0,6.65e-15,43190,3304000,1099.58,1098.87,6.65e-12,1.0445795573186063e-10
396,3405000,211700000,17180000.0,391000.0,1459.0,6.541e-15,43150,3259000,1099.58,1098.89,6.5410000000000005e-12,1.027457877356542e-10
397,3392000,208500000,16730000.0,379300.0,1404.0,6.434e-15,43110,3215000,1099.58,1098.9,6.434e-12,1.0106503566598365e-10
398,3379000,205400000,16290000.0,367900.0,1352.0,6.328e-15,43070,3172000,1099.58,1098.92,6.3280000000000005e-12,9.939999155958107e-11
399,3366000,202300000,15870000.0,357000.0,1302.0,6.225e-15,43030,3129000,1099.58,1098.94,6.225e-12,9.778207134298231e-11
400,3354000,199200000,15450000.0,346300.0,1253.0,6.123e-15,42990,3086000,1099.58,1098.95,6.1230000000000005e-12,9.617985908965153e-11
