Altitude_km,He_density_cm3,O_density_cm3,N2_density_cm3,O2_density_cm3,Ar_density_cm3,Total_mass_density,H_density_cm3,N_density_cm3,Exospheric_temp_K,Temp_at_altitude_K
1,116200000000000,0,1731e16,4644e15,2071e14,0.001065,0,0,1037.18,293.66
2,105400000000000,0,1571e16,4214e15,1879e14,9.664e-4,0,0,1037.18,287.9
3,95220000000000,0,1419e16,3806e15,1697e14,8.729e-4,0,0,1037.18,282.89
4,85770000000000,0,1278e16,3429e15,1529e14,7.863e-4,0,0,1037.18,278.19
5,77140000000000,0,115e17,3084e15,1375e14,7.073e-4,0,0,1037.18,273.41
6,69370000000000,0,1034e16,2773e15,1236e14,6.36e-4,0,0,1037.18,268.2
7,62400000000000,0,9299e15,2495e15,1112e14,5.721e-4,0,0,1037.18,262.27
8,56200000000000,0,8374e15,2247e15,1002e14,5.152e-4,0,0,1037.18,255.42
9,50670000000000,0,7551e15,2026e15,9032e13,4.646e-4,0,0,1037.18,247.49
10,45740000000000,0,6816e15,1828e15,8152e13,4.193e-4,0,0,1037.18,238.44
11,41260000000000,0,6149e15,165e16,7355e13,3.783e-4,0,0,1037.18,228.53
12,37030000000000,0,5518e15,148e16,66e15,3.395e-4,0,0,1037.18,218.81
13,32900000000000,0,4903e15,1315e15,5864e13,3.016e-4,0,0,1037.18,210.23
14,28850000000000,0,4299e15,1153e15,5142e13,2.645e-4,0,0,1037.18,203.46
15,24920000000000,0,3713e15,9961e14,4441e13,2.284e-4,0,0,1037.18,199.02
16,21190000000000,0,3158e15,8471e14,3777e13,1.943e-4,0,0,1037.18,197.18
17,17820000000000,0,2656e15,7124e14,3177e13,1.634e-4,0,0,1037.18,197.43
18,14890000000000,0,2219e15,5953e14,2654e13,1.365e-4,0,0,1037.18,199.17
19,12410000000000,0,1849e15,4961e14,2212e13,1.138e-4,0,0,1037.18,201.84
20,10350000000000,0,1543e15,4138e14,1845e13,9.491e-5,0,0,1037.18,204.87
21,8666000000000,0,1291e15,3464e14,1545e13,7.945e-5,0,0,1037.18,207.73
22,7279000000000,0,1085e15,291e15,1298e13,6.674e-5,0,0,1037.18,210.34
23,6134000000000,0,9141e14,2452e14,1093e13,5.624e-5,0,0,1037.18,212.74
24,5183000000000,0,7723e14,2072e14,9238e12,4.752e-5,0,0,1037.18,214.98
25,4389000000000,0,654e15,1755e14,7823e12,4.024e-5,0,0,1037.18,217.1
26,3724000000000,0,5549e14,1489e14,6638e12,3.414e-5,0,0,1037.18,219.16
27,3165000000000,0,4716e14,1265e14,5641e12,2.901e-5,0,0,1037.18,221.22
28,2693000000000,0,4013e14,1076e14,48e14,2.469e-5,0,0,1037.18,223.35
29,2294000000000,0,3418e14,9169e13,4088e12,2.103e-5,0,0,1037.18,225.61
30,1955000000000,0,2913e14,7816e13,3485e12,1.793e-5,0,0,1037.18,228.08
31,1668000000000,0,2485e14,6667e13,2972e12,1.529e-5,0,0,1037.18,230.84
32,1423000000000,0,2121e14,5689e13,2536e12,1.305e-5,0,0,1037.18,233.98
33,1215000000000,0,1811e14,4858e13,2166e12,1.114e-5,0,0,1037.18,237.51
34,1041000000000,0,1551e14,416e14,1855e12,9.541e-6,0,0,1037.18,240.88
35,894100000000,0,1332e14,3574e13,1594e12,8.197e-6,0,0,1037.18,243.99
36,770400000000,0,1148e14,308e14,1373e12,7.063e-6,0,0,1037.18,246.86
37,665600000000,0,9919e13,2661e13,1186e12,6.103e-6,0,0,1037.18,249.48
38,576500000000,0,8591e13,2305e13,1028e12,5.285e-6,0,0,1037.18,251.86
39,500400000000,0,7457e13,2e16,891900000000000,4.588e-6,0,0,1037.18,254.02
40,435200000000,0,6485e13,174e14,775800000000000,3.99e-6,0,0,1037.18,255.98
41,379200000000,0,5651e13,1516e13,675900000000000,3.477e-6,0,0,1037.18,257.75
42,330900000000,0,4931e13,1323e13,589800000000000,3.034e-6,0,0,1037.18,259.35
43,289200000000,0,4309e13,1156e13,515500000000000,2.651e-6,0,0,1037.18,260.8
44,253000000000,0,377e14,1012e13,451000000000000,2.32e-6,0,0,1037.18,262.14
45,221600000000,0,3302e13,886e13,395000000000000,2.032e-6,0,0,1037.18,263.38
46,194300000000,0,2895e13,7767e12,346300000000000,1.781e-6,0,0,1037.18,264.54
47,170500000000,0,2541e13,6817e12,303900000000000,1.563e-6,0,0,1037.18,265.58
48,149800000000,0,2233e13,599e13,267100000000000,1.374e-6,0,0,1037.18,266.44
49,131800000000,0,1964e13,527e13,235000000000000,1.209e-6,0,0,1037.18,267.07
50,116100000000,0,173e14,4642e12,207000000000000,1.065e-6,0,0,1037.18,267.42
51,102400000000,0,1527e13,4095e12,182600000000000,9.392e-7,0,0,1037.18,267.44
52,90500000000,0,1349e13,3618e12,161300000000000,8.297e-7,0,0,1037.18,267.06
53,80060000000,0,1193e13,32e14,142700000000000,7.34e-7,0,0,1037.18,266.25
54,70920000000,0,1057e13,2835e12,126400000000000,6.502e-7,0,0,1037.18,264.97
55,62900000000,0,9373e12,2515e12,112100000000000,5.767e-7,0,0,1037.18,263.17
56,55850000000,0,8323e12,2233e12,99550000000000,5.121e-7,0,0,1037.18,260.85
57,49620000000,0,7395e12,1984e12,88450000000000,4.549e-7,0,0,1037.18,258.08
58,44090000000,0,657e13,1763e12,78590000000000,4.042e-7,0,0,1037.18,254.96
59,39160000000,0,5835e12,1565e12,69800000000000,3.59e-7,0,0,1037.18,251.56
60,34750000000,0,5178e12,1389e12,61940000000000,3.186e-7,0,0,1037.18,247.98
61,30800000000,0,4589e12,1231e12,54900000000000,2.824e-7,0,0,1037.18,244.28
62,27250000000,0,4061e12,1089e12,48570000000000,2.498e-7,0,0,1037.18,240.54
63,24080000000,0,3586e12,961800000000000,42850000000000,2.206e-7,0,0,1037.18,236.81
64,21240000000,0,316e13,847200000000000,37670000000000,1.944e-7,0,0,1037.18,233.15
65,18690000000,0,2778e12,744300000000000,33040000000000,1.708e-7,0,0,1037.18,229.62
66,16400000000,0,2436e12,652300000000000,28900000000000,1.498e-7,0,0,1037.18,226.24
67,14360000000,0,2129e12,570100000000000,25210000000000,1.309e-7,0,0,1037.18,223.05
68,12530000000,0,1857e12,496800000000000,21930000000000,1.141e-7,0,0,1037.18,220.1
69,10900000000,0,1614e12,431700000000000,19020000000000,9.921e-8,0,0,1037.18,217.4
70,9461000000,0,1399e12,374000000000000,16450000000000,8.599e-8,0,0,1037.18,214.99
71,8185000000,0,1209e12,323100000000000,14180000000000,7.431e-8,0,0,1037.18,212.88
72,7061000000,0,1042e12,278300000000000,12190000000000,6.403e-8,0,0,1037.18,211.11
73,6065000000,33740000,893800000000000,238600000000000,10440000000000,5.491e-8,3465,64850,1037.18,209.7
74,5208000000,73590000,766300000000000,204400000000000,8933000000000,4.707e-8,11970,70240,1037.18,208.63
75,4465000000,157900000,655600000000000,174700000000000,7630000000000,4.026e-8,56290,76000,1037.18,207.86
76,3824000000,331600000,560000000000000,149100000000000,6506000000000,3.438e-8,314600,82180,1037.18,207.31
77,3272000000,678600000,477900000000000,127100000000000,5541000000000,2.933e-8,1706000,88830,1037.18,206.94
78,2800000000,1347000000,407500000000000,108200000000000,4714000000000,2.5e-8,7420000,96020,1037.18,206.68
79,2395000000,2585000000,347300000000000,92130000000000,4009000000000,2.13e-8,23210000,103800,1037.18,206.49
80,2051000000,4781000000,296000000000000,78390000000000,3407000000000,1.815e-8,51500000,112300,1037.18,206.31
81,1757000000,8507000000,252300000000000,66690000000000,2896000000000,1.546e-8,85140000,121500,1037.18,206.08
82,1507000000,14540000000,215100000000000,56740000000000,2462000000000,1.318e-8,112500000,131600,1037.18,205.76
83,1295000000,23850000000,183500000000000,48290000000000,2093000000000,1.123e-8,127100000,142600,1037.18,205.28
84,1114000000,37550000000,156600000000000,41100000000000,1780000000000,9.582e-9,129400000,154600,1037.18,204.61
85,960700000,56740000000,133800000000000,35000000000000,1514000000000,8.179e-9,123100000,167800,1037.18,203.7
86,830100000,82380000000,114300000000000,29810000000000,1288000000000,6.986e-9,112400000,182200,1037.18,202.5
87,719000000,115000000000,97790000000000,25390000000000,1096000000000,5.97e-9,100100000,198000,1037.18,200.97
88,624300000,154700000000,83690000000000,21630000000000,933100000000,5.105e-9,87940000,215300,1037.18,199.07
89,543500000,200800000000,71660000000000,18420000000000,793900000000,4.367e-9,76720000,234200,1037.18,196.79
90,474500000,251800000000,61370000000000,15680000000000,675100000000,3.737e-9,66770000,254800,1037.18,194.1
91,415400000,305900000000,52550000000000,13330000000000,573400000000,3.197e-9,58110000,277100,1037.18,191.03
92,364400000,360000000000,44930000000000,11310000000000,485800000000,2.731e-9,50650000,301000,1037.18,187.76
93,320100000,411200000000,38320000000000,9559000000000,410000000000,2.327e-9,44240000,326100,1037.18,184.5
94,281600000,456300000000,32560000000000,8040000000000,344300000000,1.976e-9,38720000,352200,1037.18,181.4
95,248000000,492700000000,27560000000000,6725000000000,287400000000,1.67e-9,33980000,378900,1037.18,178.63
96,218700000,518700000000,23210000000000,5589000000000,238300000000,1.405e-9,29910000,406000,1037.18,176.31
97,193300000,533200000000,19460000000000,4614000000000,196200000000,1.177e-9,26410000,433200,1037.18,174.56
98,171100000,536400000000,16220000000000,3782000000000,160300000000,9.799e-10,23380000,460400,1037.18,173.51
99,152000000,529100000000,13460000000000,3078000000000,129900000000,8.118e-10,20770000,487400,1037.18,173.27
100,135400000,512600000000,11110000000000,2487000000000,104500000000,6.691e-10,18490000,514000,1037.18,174
101,121000000,488700000000,9132000000000,1996000000000,83370000000,5.49e-10,16500000,540500,1037.18,175.82
102,108700000,459900000000,7481000000000,1593000000000,66140000000,4.49e-10,14750000,567200,1037.18,178.71
103,98080000,428200000000,6119000000000,1267000000000,52250000000,3.665e-10,13220000,594800,1037.18,182.64
104,88990000,395400000000,5003000000000,1005000000000,41150000000,2.991e-10,11870000,624000,1037.18,187.57
105,81170000,362700000000,4094000000000,795500000000,32370000000,2.443e-10,10670000,655300,1037.18,193.51
106,74410000,331000000000,3356000000000,629700000000,25460000000,1.999e-10,9607000,689200,1037.18,200.43
107,68540000,301100000000,2758000000000,498900000000,20060000000,1.64e-10,8659000,726200,1037.18,208.33
108,63400000,273200000000,2275000000000,396000000000,15840000000,1.351e-10,7811000,766900,1037.18,217.18
109,58880000,247500000000,1884000000000,315200000000,12550000000,1.117e-10,7051000,811800,1037.18,226.92
110,54890000,224200000000,1568000000000,251900000000,9994000000,9.29e-11,6371000,861700,1037.18,237.44
111,51360000,203300000000,1313000000000,202200000000,8005000000,7.77e-11,5762000,917300,1037.18,248.62
112,48200000,184400000000,1105000000000,163200000000,6449000000,6.537e-11,5216000,979100,1037.18,260.45
113,45350000,167500000000,935600000000,132300000000,5227000000,5.531e-11,4725000,1047000,1037.18,272.93
114,42760000,152300000000,796100000000,107900000000,4262000000,4.706e-11,4282000,1122000,1037.18,286.1
115,40380000,138700000000,681000000000,88430000000,3496000000,4.027e-11,3883000,1205000,1037.18,299.95
116,38190000,126400000000,585500000000,72890000000,2885000000,3.463e-11,3522000,1294000,1037.18,314.48
117,36150000,115400000000,505900000000,60420000000,2395000000,2.995e-11,3197000,1392000,1037.18,329.66
118,34250000,105600000000,439200000000,50390000000,2000000000,2.603e-11,2903000,1499000,1037.18,345.48
119,32470000,96720000000,383200000000,42280000000,1681000000,2.274e-11,2638000,1615000,1037.18,361.86
120,30790000,88790000000,336000000000,35700000000,1420000000,1.997e-11,2399000,1741000,1037.18,378.72
121,29220000,81710000000,296100000000,30330000000,1207000000,1.762e-11,2184000,1879000,1037.18,395.97
122,27740000,75370000000,262100000000,25950000000,1032000000,1.563e-11,1990000,2029000,1037.18,413.44
123,26340000,69690000000,233100000000,22340000000,887700000,1.393e-11,1815000,2192000,1099.58,431.16
124,25040000,64660000000,208500000000,19370000000,768400000,1.249e-11,1659000,2372000,1099.58,448.47
125,23830000,60210000000,187500000000,16920000000,669100000,1.126e-11,1519000,2569000,1099.58,465.32
126,22710000,56220000000,169400000000,14870000000,585900000,1.0190000000000001e-11,1393000,2786000,1099.58,481.74
127,21660000,52650000000,153600000000,13150000000,515600000,9.273e-12,1280000,3023000,1099.58,497.72
128,20690000,49430000000,139900000000,11690000000,455800000,8.468e-12,1178000,3280000,1099.58,513.29
129,19790000,46520000000,127900000000,10450000000,404700000,7.762e-12,1085000,3559000,1099.58,528.45
130,18970000,43870000000,117300000000,9384000000,360700000,7.139e-12,1002000,3860000,1099.58,543.21
131,18230000,41450000000,107900000000,8465000000,322600000,6.586e-12,925700,4185000,1099.58,557.59
132,17550000,39240000000,99480000000,7668000000,289600000,6.093e-12,856700,4534000,1099.58,571.59
133,16930000,37210000000,91990000000,6972000000,260700000,5.652e-12,794000,4907000,1099.58,585.22
134,16370000,35350000000,85270000000,6362000000,235400000,5.256e-12,736800,5306000,1099.58,598.5
135,15870000,33620000000,79220000000,5824000000,213200000,4.899e-12,684700,5732000,1099.58,611.43
136,15420000,32030000000,73750000000,5348000000,193500000,4.576e-12,637100,6184000,1099.58,624.03
137,15010000,30560000000,68790000000,4924000000,176100000,4.282e-12,593600,6664000,1099.58,636.3
138,14630000,29190000000,64280000000,4546000000,160600000,4.015e-12,553800,7171000,1099.58,648.24
139,14290000,27910000000,60170000000,4208000000,146800000,3.772e-12,517400,7705000,1099.58,659.88
140,13980000,26720000000,56420000000,3903000000,134400000,3.548e-12,484000,8268000,1099.58,671.21
141,13690000,25610000000,52980000000,3628000000,123400000,3.344e-12,453400,8858000,1099.58,682.24
142,13430000,24570000000,49820000000,3379000000,113400000,3.155e-12,425300,9475000,1099.58,692.99
143,13180000,23590000000,46910000000,3152000000,104400000,2.982e-12,399400,10120000,1099.58,703.46
144,12960000,22680000000,44230000000,2946000000,96310000,2.821e-12,375700,10790000,1099.58,713.65
145,12740000,21820000000,41750000000,2758000000,88970000,2.673e-12,353800,11490000,1099.58,723.58
146,12540000,21010000000,39450000000,2586000000,82310000,2.535e-12,333600,12210000,1099.58,733.25
147,12350000,20240000000,37330000000,2428000000,76260000,2.407e-12,315000,12960000,1099.58,742.67
148,12170000,19520000000,35350000000,2282000000,70740000,2.288e-12,297800,13730000,1099.58,751.85
149,12000000,18840000000,33510000000,2148000000,65710000,2.177e-12,281900,14520000,1099.58,760.78
150,11840000,18190000000,31800000000,2024000000,61120000,2.073e-12,267300,15330000,1099.58,769.49
151,11680000,17580000000,30200000000,1910000000,56910000,1.976e-12,253700,16160000,1099.58,777.97
152,11540000,17000000000,28710000000,1803000000,53050000,1.886e-12,241100,17000000,1099.58,786.22
153,11390000,16450000000,27310000000,1704000000,49500000,1.8e-12,229500,17870000,1099.58,794.27
154,11260000,15920000000,26000000000,1613000000,46240000,1.721e-12,218600,18740000,1099.58,802.1
155,11130000,15430000000,24770000000,1527000000,43240000,1.645e-12,208600,19630000,1099.58,809.73
156,11000000,14950000000,23610000000,1447000000,40470000,1.575e-12,199300,20530000,1099.58,817.16
157,10880000,14500000000,22530000000,1373000000,37910000,1.508e-12,190600,21430000,1099.58,824.4
158,10760000,14070000000,21510000000,1303000000,35550000,1.445e-12,182500,22340000,1099.58,831.46
159,10650000,13650000000,20540000000,1238000000,33360000,1.386e-12,175000,23250000,1099.58,838.33
160,10540000,13260000000,19640000000,1176000000,31330000,1.33e-12,167900,24170000,1099.58,845.02
161,10440000,12880000000,18770000000,1119000000,29450000,1.277e-12,161400,25080000,1099.58,851.54
162,10330000,12520000000,17960000000,1065000000,27700000,1.226e-12,155300,25990000,1099.58,857.89
163,10230000,12170000000,17200000000,1014000000,26070000,1.179e-12,149500,26890000,1099.58,864.07
164,10140000,11840000000,16470000000,966200000,24550000,1.134e-12,144200,27780000,1099.58,870.09
165,10040000,11520000000,15790000000,921100000,23140000,1.091e-12,139200,28670000,1099.58,875.96
166,9952000,11210000000,15140000000,878600000,21820000,1.05e-12,134500,29540000,1099.58,881.68
167,9863000,10920000000,14520000000,838400000,20590000,1.011e-12,130100,30400000,1099.58,887.25
168,9777000,10640000000,13930000000,800500000,19450000,9.746e-13,126000,31240000,1099.58,892.67
169,9693000,10360000000,13370000000,764600000,18370000,9.395e-13,122100,32070000,1099.58,897.96
170,9611000,10100000000,12840000000,730700000,17370000,9.061e-13,118500,32870000,1099.58,903.11
171,9531000,9848000000,12340000000,698600000,16420000,8.742e-13,115000,33660000,1099.58,908.12
172,9453000,9604000000,11860000000,668100000,15540000,8.438e-13,111800,34420000,1099.58,913.01
173,9377000,9369000000,11400000000,639200000,14710000,8.147e-13,108800,35150000,1099.58,917.77
174,9302000,9142000000,10970000000,611800000,13940000,7.869e-13,105900,35860000,1099.58,922.41
175,9230000,8923000000,10550000000,585800000,13210000,7.604e-13,103200,36550000,1099.58,926.92
176,9159000,8712000000,10160000000,561100000,12520000,7.35e-13,100700,37200000,1099.58,931.32
177,9089000,8507000000,9778000000,537600000,11870000,7.107e-13,98290,37830000,1099.58,935.61
178,9022000,8310000000,9416000000,515300000,11260000,6.874e-13,96030,38430000,1099.58,939.79
179,8955000,8118000000,9070000000,494000000,10690000,6.651e-13,93890,39000000,1099.58,943.86
180,8890000,7933000000,8740000000,473800000,10150000,6.437e-13,91860,39540000,1099.58,947.82
181,8827000,7754000000,8423000000,454500000,9642000,6.232e-13,89950,40040000,1099.58,951.68
182,8764000,7580000000,8121000000,436200000,9162000,6.036e-13,88130,40520000,1099.58,955.45
183,8703000,7412000000,7831000000,418700000,8708000,5.847e-13,86420,40960000,1099.58,959.11
184,8643000,7249000000,7553000000,402000000,8280000,5.665e-13,84790,41370000,1099.58,962.68
185,8584000,7090000000,7287000000,386000000,7875000,5.491e-13,83240,41740000,1099.58,966.16
186,8527000,6937000000,7032000000,370800000,7493000,5.323e-13,81780,42090000,1099.58,969.55
187,8470000,6787000000,6788000000,356300000,7131000,5.162e-13,80390,42400000,1099.58,972.86
188,8414000,6643000000,6553000000,342400000,6788000,5.007e-13,79070,42690000,1099.58,976.08
189,8360000,6502000000,6328000000,329200000,6464000,4.858e-13,77810,42940000,1099.58,979.21
190,8306000,6365000000,6111000000,316500000,6157000,4.714e-13,76620,43150000,1099.58,982.27
191,8253000,6233000000,5904000000,304400000,5866000,4.576e-13,75480,43340000,1099.58,985.24
192,8202000,6103000000,5704000000,292800000,5590000,4.442e-13,74400,43500000,1099.58,988.14
193,8151000,5978000000,5512000000,281700000,5329000,4.314e-13,73370,43630000,1099.58,990.97
194,8101000,5856000000,5328000000,271000000,5081000,4.19e-13,72390,43730000,1099.58,993.72
195,8051000,5737000000,5151000000,260800000,4845000,4.07e-13,71450,43800000,1099.58,996.41
196,8003000,5621000000,4980000000,251100000,4622000,3.955e-13,70560,43840000,1099.58,999.02
197,7955000,5508000000,4816000000,241700000,4409000,3.843e-13,69710,43860000,1099.58,1001.57
198,7908000,5398000000,4658000000,232800000,4208000,3.736e-13,68900,43850000,1099.58,1004.05
199,7862000,5291000000,4506000000,224200000,4016000,3.632e-13,68120,43820000,1099.58,1006.47
200,7816000,5187000000,4359000000,216000000,3834000,3.532e-13,67380,43760000,1099.58,1008.82
201,7764000,5085000000,4218000000,208200000,3661000,3.435e-13,66680,43680000,1099.58,1011.12
202,7720000,4986000000,4082000000,200600000,3496000,3.341e-13,66000,43570000,1099.58,1013.35
203,7676000,4890000000,3951000000,193300000,3340000,3.251e-13,65350,43440000,1099.58,1015.53
204,7634000,4795000000,3825000000,186300000,3191000,3.163e-13,64730,43300000,1099.58,1017.66
205,7591000,4703000000,3703000000,179600000,3049000,3.078e-13,64140,43130000,1099.58,1019.73
206,7550000,4613000000,3585000000,173100000,2913000,2.996e-13,63570,42940000,1099.58,1021.75
207,7508000,4526000000,3472000000,166900000,2785000,2.917e-13,63030,42740000,1099.58,1023.71
208,7468000,4440000000,3362000000,161000000,2662000,2.84e-13,62510,42520000,1099.58,1025.63
209,7428000,4357000000,3257000000,155300000,2545000,2.765e-13,62010,42280000,1099.58,1027.49
210,7388000,4275000000,3155000000,149800000,2434000,2.693e-13,61530,42030000,1099.58,1029.31
211,7349000,4195000000,3057000000,144500000,2328000,2.623e-13,61070,41760000,1099.58,1031.08
212,7310000,4117000000,2962000000,139400000,2227000,2.556e-13,60630,41480000,1099.58,1032.81
213,7272000,4041000000,2870000000,134500000,2130000,2.49e-13,60200,41180000,1099.58,1034.49
214,7234000,3967000000,2781000000,129800000,2038000,2.427e-13,59800,40880000,1099.58,1036.13
215,7197000,3894000000,2696000000,125300000,1950000,2.365e-13,59410,40560000,1099.58,1037.73
216,7160000,3823000000,2613000000,120900000,1866000,2.305e-13,59030,40230000,1099.58,1039.29
217,7124000,3753000000,2533000000,116700000,1786000,2.247e-13,58670,39890000,1099.58,1040.81
218,7088000,3685000000,2456000000,112700000,1710000,2.191e-13,58320,39550000,1099.58,1042.29
219,7052000,3619000000,2381000000,108800000,1637000,2.136e-13,57980,39190000,1099.58,1043.73
220,7017000,3553000000,2309000000,105100000,1567000,2.083e-13,57660,38830000,1099.58,1045.13
221,6982000,3490000000,2239000000,101400000,1501000,2.032e-13,57350,38460000,1099.58,1046.5
222,6947000,3427000000,2172000000,97980000,1437000,1.982e-13,57050,38080000,1099.58,1047.83
223,6913000,3366000000,2106000000,94630000,1377000,1.933e-13,56760,37700000,1099.58,1049.14
224,6879000,3306000000,2043000000,91410000,1319000,1.886e-13,56480,37320000,1099.58,1050.4
225,6846000,3248000000,1982000000,88300000,1263000,1.84e-13,56210,36920000,1099.58,1051.64
226,6812000,3190000000,1923000000,85300000,1210000,1.796e-13,55950,36530000,1099.58,1052.84
227,6780000,3134000000,1865000000,82420000,1159000,1.753e-13,55700,36130000,1099.58,1054.01
228,6747000,3079000000,1810000000,79640000,1111000,1.711e-13,55460,35730000,1099.58,1055.16
229,6715000,3025000000,1756000000,76950000,1065000,1.67e-13,55230,35330000,1099.58,1056.27
230,6683000,2973000000,1704000000,74360000,1020000,1.63e-13,55000,34920000,1099.58,1057.36
231,6651000,2921000000,1654000000,71870000,978000,1.592e-13,54780,34510000,1099.58,1058.42
232,6620000,2870000000,1605000000,69460000,937400,1.554e-13,54570,34100000,1099.58,1059.45
233,6589000,2821000000,1558000000,67140000,898600,1.518e-13,54360,33690000,1099.58,1060.45
234,6558000,2772000000,1512000000,64900000,861500,1.482e-13,54160,33280000,1099.58,1061.43
235,6528000,2724000000,1468000000,62740000,826000,1.448e-13,53970,32870000,1099.58,1062.39
236,6498000,2677000000,1425000000,60660000,792000,1.414e-13,53790,32460000,1099.58,1063.32
237,6468000,2632000000,1383000000,58640000,759400,1.381e-13,53600,32050000,1099.58,1064.23
238,6438000,2587000000,1343000000,56700000,728300,1.35e-13,53430,31650000,1099.58,1065.11
239,6408000,2542000000,1304000000,54830000,698400,1.319e-13,53260,31240000,1099.58,1065.97
240,6379000,2499000000,1266000000,53020000,669900,1.288e-13,53090,30830000,1099.58,1066.81
241,6350000,2457000000,1229000000,51270000,642700,1.259e-13,52930,30430000,1099.58,1067.63
242,6321000,2415000000,1194000000,49580000,616500,1.23e-13,52780,30030000,1099.58,1068.43
243,6293000,2374000000,1159000000,47950000,591400,1.203e-13,52630,29630000,1099.58,1069.21
244,6265000,2334000000,1126000000,46380000,567300,1.175e-13,52480,29230000,1099.58,1069.97
245,6237000,2295000000,1093000000,44860000,544300,1.149e-13,52330,28840000,1099.58,1070.71
246,6209000,2256000000,1062000000,43400000,522200,1.123e-13,52200,28440000,1099.58,1071.43
247,6181000,2219000000,1031000000,41980000,501100,1.098e-13,52060,28050000,1099.58,1072.13
248,6154000,2181000000,1002000000,40610000,480800,1.074e-13,51930,27670000,1099.58,1072.81
249,6126000,2145000000,973200000,39290000,461400,1.05e-13,51800,27290000,1099.58,1073.48
250,6099000,2109000000,945400000,38010000,442800,1.027e-13,51670,26910000,1099.58,1074.13
251,6073000,2074000000,918400000,36780000,425000,1.004e-13,51550,26530000,1099.58,1074.77
252,6046000,2040000000,892200000,35580000,407900,9.821e-14,51430,26160000,1099.58,1075.38
253,6020000,2006000000,866800000,34430000,391500,9.606e-14,51310,25790000,1099.58,1075.99
254,5993000,1973000000,842200000,33320000,375800,9.396e-14,51200,25420000,1099.58,1076.57
255,5967000,1940000000,818300000,32240000,360700,9.192e-14,51090,25060000,1099.58,1077.15
256,5941000,1908000000,795100000,31200000,346300,8.992e-14,50980,24700000,1099.58,1077.7
257,5916000,1877000000,772500000,30200000,332400,8.798e-14,50870,24350000,1099.58,1078.25
258,5890000,1846000000,750700000,29220000,319100,8.608e-14,50770,24000000,1099.58,1078.78
259,5865000,1815000000,729500000,28280000,306400,8.423e-14,50660,23650000,1099.58,1079.3
260,5840000,1786000000,708900000,27370000,294200,8.243e-14,50560,23310000,1099.58,1079.8
261,5815000,1756000000,688900000,26500000,282400,8.067e-14,50470,22970000,1099.58,1080.29
262,5790000,1728000000,669500000,25650000,271200,7.895e-14,50370,22630000,1099.58,1080.77
263,5765000,1699000000,650700000,24830000,260400,7.727e-14,50280,22300000,1099.58,1081.24
264,5741000,1672000000,632400000,24030000,250100,7.564e-14,50180,21980000,1099.58,1081.69
265,5716000,1644000000,614700000,23260000,240200,7.404e-14,50090,21650000,1099.58,1082.14
266,5692000,1618000000,597400000,22520000,230600,7.248e-14,50010,21340000,1099.58,1082.57
267,5668000,1591000000,580700000,21800000,221500,7.096e-14,49920,21020000,1099.58,1082.99
268,5644000,1566000000,564500000,21110000,212700,6.947e-14,49830,20710000,1099.58,1083.4
269,5620000,1540000000,548700000,20440000,204300,6.802e-14,49750,20410000,1099.58,1083.8
270,5597000,1515000000,533400000,19790000,196300,6.66e-14,49670,20110000,1099.58,1084.19
271,5573000,1491000000,518500000,19160000,188500,6.522e-14,49580,19810000,1099.58,1084.58
272,5550000,1467000000,504000000,18550000,181100,6.387e-14,49500,19510000,1099.58,1084.95
273,5527000,1443000000,490000000,17960000,173900,6.255e-14,49420,19220000,1099.58,1085.31
274,5504000,1420000000,476400000,17390000,167100,6.126e-14,49350,18940000,1099.58,1085.66
275,5481000,1397000000,463100000,16840000,160500,6e-14,49270,18660000,1099.58,1086.01
276,5458000,1374000000,450300000,16310000,154200,5.877e-14,49200,18380000,1099.58,1086.34
277,5435000,1352000000,437800000,15800000,148200,5.757e-14,49120,18110000,1099.58,1086.67
278,5413000,1331000000,425700000,15300000,142300,5.64e-14,49050,17840000,1099.58,1086.99
279,5390000,1309000000,413900000,14810000,136800,5.525e-14,48980,17570000,1099.58,1087.3
280,5368000,1288000000,402400000,14350000,131400,5.413e-14,48900,17310000,1099.58,1087.6
281,5346000,1268000000,391300000,13890000,126300,5.304e-14,48830,17050000,1099.58,1087.9
282,5324000,1247000000,380500000,13460000,121300,5.197e-14,48760,16800000,1099.58,1088.19
283,5302000,1228000000,370000000,13030000,116600,5.092e-14,48700,16550000,1099.58,1088.47
284,5280000,1208000000,359800000,12620000,112000,4.99e-14,48630,16300000,1099.58,1088.74
285,5259000,1189000000,349800000,12230000,107700,4.89e-14,48560,16060000,1099.58,1089.01
286,5237000,1170000000,340200000,11840000,103500,4.792e-14,48500,15820000,1099.58,1089.27
287,5216000,1151000000,330800000,11470000,99420,4.697e-14,48430,15580000,1099.58,1089.52
288,5195000,1133000000,321700000,11110000,95540,4.603e-14,48370,15350000,1099.58,1089.77
289,5173000,1115000000,312900000,10770000,91820,4.512e-14,48300,15120000,1099.58,1090.01
290,5152000,1097000000,304300000,10430000,88250,4.423e-14,48240,14900000,1099.58,1090.25
291,5131000,1080000000,296000000,10100000,84820,4.335e-14,48180,14670000,1099.58,1090.48
292,5111000,1063000000,287800000,9787000,81520,4.25e-14,48110,14460000,1099.58,1090.7
293,5090000,1046000000,280000000,9481000,78360,4.166e-14,48050,14240000,1099.58,1090.92
294,5069000,1029000000,272300000,9185000,75320,4.085e-14,47990,14030000,1099.58,1091.13
295,5049000,1013000000,264800000,8899000,72390,4.005e-14,47930,13820000,1099.58,1091.34
296,5028000,997100000,257600000,8621000,69590,3.927e-14,47870,13610000,1099.58,1091.54
297,5008000,981300000,250500000,8353000,66890,3.85e-14,47810,13410000,1099.58,1091.74
298,4988000,965900000,243700000,8092000,64300,3.776e-14,47760,13210000,1099.58,1091.93
299,4968000,950700000,237100000,7841000,61810,3.702e-14,47700,13020000,1099.58,1092.12
300,4948000,935100000,230600000,7597000,59420,3.629e-14,47640,12820000,1099.58,1092.31
301,4928000,920400000,224300000,7361000,57120,3.559e-14,47580,12630000,1099.58,1092.48
302,4908000,906000000,218200000,7132000,54920,3.491e-14,47520,12440000,1099.58,1092.66
303,4889000,891700000,212200000,6911000,52800,3.424e-14,47470,12260000,1099.58,1092.83
304,4869000,877800000,206500000,6696000,50760,3.358e-14,47410,12080000,1099.58,1092.99
305,4850000,864000000,200800000,6489000,48800,3.294e-14,47360,11900000,1099.58,1093.16
306,4830000,850500000,195400000,6288000,46920,3.231e-14,47300,11720000,1099.58,1093.31
307,4811000,837100000,190100000,6093000,45110,3.17e-14,47250,11550000,1099.58,1093.47
308,4792000,824000000,184900000,5904000,43370,3.109e-14,47190,11380000,1099.58,1093.62
309,4773000,811100000,179900000,5722000,41700,3.05e-14,47140,11210000,1099.58,1093.76
310,4754000,798500000,175000000,5545000,40100,2.993e-14,47090,11050000,1099.58,1093.9
311,4735000,786000000,170300000,5373000,38560,2.936e-14,47030,10880000,1099.58,1094.04
312,4716000,773700000,165700000,5207000,37080,2.881e-14,46980,10720000,1099.58,1094.18
313,4697000,761700000,161200000,5046000,35650,2.827e-14,46930,10570000,1099.58,1094.31
314,4679000,749800000,156800000,4891000,34280,2.774e-14,46880,10410000,1099.58,1094.44
315,4660000,738100000,152600000,4740000,32970,2.722e-14,46820,10260000,1099.58,1094.57
316,4642000,726600000,148400000,4594000,31700,2.671e-14,46770,10110000,1099.58,1094.69
317,4623000,715300000,144400000,4452000,30490,2.621e-14,46720,9962000,1099.58,1094.81
318,4605000,704200000,140500000,4315000,29320,2.572e-14,46670,9817000,1099.58,1094.92
319,4587000,693200000,136700000,4182000,28190,2.525e-14,46620,9674000,1099.58,1095.04
320,4569000,682400000,133000000,4053000,27120,2.478e-14,46570,9533000,1099.58,1095.15
321,4551000,671800000,129500000,3929000,26080,2.432e-14,46460,9394000,1099.58,1095.26
322,4533000,661400000,126000000,3808000,25080,2.387e-14,46420,9257000,1099.58,1095.36
323,4515000,651100000,122600000,3691000,24120,2.343e-14,46370,9123000,1099.58,1095.46
324,4497000,641000000,119300000,3578000,23200,2.3e-14,46320,8991000,1099.58,1095.57
325,4479000,631100000,116100000,3468000,22310,2.258e-14,46270,8860000,1099.58,1095.66
326,4462000,621300000,112900000,3361000,21460,2.216e-14,46230,8732000,1099.58,1095.76
327,4444000,611700000,109900000,3258000,20640,2.176e-14,46180,8606000,1099.58,1095.85
328,4427000,602200000,106900000,3158000,19850,2.136e-14,46130,8482000,1099.58,1095.94
329,4409000,592900000,104100000,3062000,19100,2.097e-14,46080,8359000,1099.58,1096.03
330,4392000,583800000,101300000,2968000,18370,2.059e-14,46040,8239000,1099.58,1096.12
331,4375000,574700000,98550000,2877000,17670,2.022e-14,45990,8120000,1099.58,1096.2
332,4358000,565900000,95900000,2789000,17000,1.985e-14,45940,8003000,1099.58,1096.28
333,4341000,557100000,93330000,2704000,16350,1.949e-14,45900,7888000,1099.58,1096.36
334,4324000,548500000,90830000,2621000,15730,1.914e-14,45850,7775000,1099.58,1096.44
335,4307000,540100000,88390000,2541000,15130,1.88e-14,45810,7663000,1099.58,1096.52
336,4290000,531700000,86020000,2463000,14550,1.846e-14,45760,7554000,1099.58,1096.59
337,4273000,523500000,83720000,2388000,14000,1.813e-14,45710,7446000,1099.58,1096.67
338,4257000,515500000,81480000,2315000,13470,1.78e-14,45670,7339000,1099.58,1096.74
339,4240000,507500000,79300000,2244000,12960,1.748e-14,45620,7234000,1099.58,1096.8
340,4224000,499700000,77180000,2176000,12460,1.717e-14,45580,7131000,1099.58,1096.87
341,4207000,492000000,75110000,2110000,11990,1.686e-14,45530,7030000,1099.58,1096.94
342,4191000,484500000,73110000,2045000,11540,1.656e-14,45480,6929000,1099.58,1097
343,4175000,477000000,71150000,1983000,11100,1.627e-14,45440,6831000,1099.58,1097.06
344,4158000,469700000,69250000,1923000,10680,1.598e-14,45390,6734000,1099.58,1097.13
345,4142000,462500000,67400000,1864000,10270,1.57e-14,45350,6638000,1099.58,1097.18
346,4126000,455400000,65600000,1807000,9884,1.542e-14,45300,6544000,1099.58,1097.24
347,4110000,448400000,63850000,1752000,9510,1.515e-14,45260,6451000,1099.58,1097.3
348,4094000,441500000,62150000,1699000,9150,1.488e-14,45210,6360000,1099.58,1097.35
349,4078000,434800000,60500000,1647000,8803,1.462e-14,45170,6270000,1099.58,1097.41
350,4063000,428100000,58880000,1597000,8471,1.436e-14,45120,6182000,1099.58,1097.46
351,4047000,421500000,57320000,1549000,8150,1.411e-14,45080,6095000,1099.58,1097.51
352,4031000,415100000,55790000,1502000,7842,1.386e-14,45030,6009000,1099.58,1097.56
353,4016000,408700000,54300000,1456000,7546,1.362e-14,44990,5924000,1099.58,1097.61
354,4000000,402500000,52860000,1412000,7261,1.338e-14,44950,5841000,1099.58,1097.66
355,3985000,396300000,51450000,1369000,6987,1.315e-14,44900,5759000,1099.58,1097.7
356,3969000,390300000,50090000,1328000,6723,1.292e-14,44860,5678000,1099.58,1097.75
357,3954000,384300000,48760000,1287000,6469,1.27e-14,44810,5598000,1099.58,1097.79
358,3939000,378400000,47460000,1248000,6225,1.248e-14,44770,5520000,1099.58,1097.84
359,3923000,372700000,46200000,1211000,5991,1.226e-14,44730,5443000,1099.58,1097.88
360,3908000,367000000,44970000,1174000,5765,1.205e-14,44680,5366000,1099.58,1097.92
361,3893000,361400000,43780000,1138000,5548,1.184e-14,44640,5292000,1099.58,1097.96
362,3878000,355900000,42620000,1104000,5339,1.164e-14,44590,5218000,1099.58,1098
363,3863000,350400000,41490000,1071000,5138,1.144e-14,44550,5145000,1099.58,1098.04
364,3849000,345100000,40390000,1038000,4944,1.124e-14,44510,5073000,1099.58,1098.07
365,3834000,339800000,39320000,1007000,4758,1.105e-14,44460,5003000,1099.58,1098.11
366,3819000,334700000,38280000,976500,4579,1.086e-14,44420,4933000,1099.58,1098.15
367,3804000,329600000,37260000,947000,4407,1.067e-14,44380,4865000,1099.58,1098.18
368,3790000,324500000,36280000,918400,4242,1.049e-14,44330,4797000,1099.58,1098.21
369,3775000,319600000,35320000,890700,4082,1.031e-14,44290,4731000,1099.58,1098.25
370,3761000,314700000,34380000,863800,3929,1.014e-14,44250,4665000,1099.58,1098.28
371,3746000,310000000,33470000,837800,3781,9.965e-15,44200,4600000,1099.58,1098.31
372,3732000,305300000,32590000,812500,3640,9.796e-15,44160,4537000,1099.58,1098.34
373,3718000,300600000,31730000,788000,3503,9.63e-15,44120,4474000,1099.58,1098.37
374,3703000,296100000,30890000,764300,3372,9.467e-15,44070,4412000,1099.58,1098.4
375,3689000,291600000,30080000,741300,3245,9.307e-15,44030,4351000,1099.58,1098.43
376,3675000,287100000,29280000,719000,3124,9.15e-15,43990,4291000,1099.58,1098.46
377,3661000,282800000,28510000,697300,3006,8.995e-15,43950,4232000,1099.58,1098.48
378,3647000,278500000,27760000,676400,2894,8.844e-15,43900,4174000,1099.58,1098.51
379,3633000,274300000,27020000,656000,2786,8.695e-15,43860,4117000,1099.58,1098.53
380,3619000,270100000,26310000,636300,2681,8.549e-15,43820,4060000,1099.58,1098.56
381,3605000,266000000,25620000,617200,2581,8.406e-15,43780,4005000,1099.58,1098.58
382,3592000,262000000,24940000,598600,2484,8.265e-15,43730,3950000,1099.58,1098.61
383,3578000,258000000,24290000,580600,2391,8.127e-15,43690,3896000,1099.58,1098.63
384,3564000,254100000,23650000,563200,2302,7.992e-15,43650,3842000,1099.58,1098.65
385,3551000,250300000,23030000,546300,2216,7.858e-15,43610,3790000,1099.58,1098.68
386,3537000,246500000,22420000,529900,2133,7.728e-15,43570,3738000,1099.58,1098.7
387,3524000,242800000,21830000,514000,2054,7.599e-15,43520,3687000,1099.58,1098.72
388,3510000,239100000,21260000,498600,1977,7.473e-15,43480,3637000,1099.58,1098.74
389,3497000,235500000,20700000,483700,1903,7.349e-15,43440,3587000,1099.58,1098.76
390,3484000,231900000,20150000,469200,1832,7.227e-15,43400,3538000,1099.58,1098.78
391,3470000,228400000,19620000,455100,1764,7.108e-15,43360,3490000,1099.58,1098.8
392,3457000,225000000,19110000,441500,1698,6.99e-15,43320,3442000,1099.58,1098.82
393,3444000,221600000,18610000,428300,1635,6.875e-15,43270,3396000,1099.58,1098.83
394,3431000,218200000,18120000,415500,1574,6.762e-15,43230,3350000,1099.58,1098.85
395,3418000,215000000,17640000,403000,1515,6.65e-15,43190,3304000,1099.58,1098.87
396,3405000,211700000,17180000,391000,1459,6.541e-15,43150,3259000,1099.58,1098.89
397,3392000,208500000,16730000,379300,1404,6.434e-15,43110,3215000,1099.58,1098.9
398,3379000,205400000,16290000,367900,1352,6.328e-15,43070,3172000,1099.58,1098.92
399,3366000,202300000,15870000,357000,1302,6.225e-15,43030,3129000,1099.58,1098.94
400,3354000,199200000,15450000,346300,1253,6.123e-15,42990,3086000,1099.58,1098.95
